Plant_ID,Growth_Stage,Duration_Days,Avg_Temperature_C,Light_Hours_Per_Day,Fertilizer_Freq_Per_Week,Relative_Humidity_Percent
Plant_1,Sowing/Cutting,11.5,23.7,11.3,0,85.2
Plant_1,Germination/Rooting,10.8,26.0,8.8,0,64.7
Plant_1,Seedling Stage,10.7,20.2,6.6,1,64.4
Plant_1,Early Vegetative,7.3,21.2,12.9,0,67.7
Plant_1,Mid Vegetative,17.7,24.8,10.2,0,64.8
Plant_1,Late Vegetative,8.2,23.4,8.8,0,88.5
Plant_1,Mature Stage,8.4,24.0,9.5,1,73.9
Plant_1,Light Adjustment,18.3,26.4,10.4,1,78.8
Plant_1,Pre-Flowering,7.0,20.8,11.5,0,64.6
Plant_1,Flowering,11.0,20.5,10.6,0,66.1
Plant_1,Post-Flowering,11.7,25.8,11.8,0,77.5
Plant_1,Growth Stagnation,7.5,23.4,10.7,0,79.8
Plant_1,Decline Stage,9.5,23.2,12.4,2,61.0
Plant_1,Dormant Stage,11.1,22.7,10.7,2,85.4
Plant_1,Post-Pruning Recovery,8.8,23.9,7.2,2,80.4
Plant_2,Sowing/Cutting,14.4,23.0,8.4,3,65.0
Plant_2,Germination/Rooting,14.1,24.4,9.4,0,76.7
Plant_2,Seedling Stage,8.8,21.1,10.6,0,72.6
Plant_2,Early Vegetative,2.0,24.7,9.2,0,67.1
Plant_2,Mid Vegetative,9.5,24.8,13.8,0,71.7
Plant_2,Late Vegetative,9.9,20.7,7.9,0,60.1
Plant_2,Mature Stage,10.2,28.9,9.6,0,73.0
Plant_2,Light Adjustment,11.0,24.0,11.5,1,58.5
Plant_2,Pre-Flowering,7.6,26.8,12.8,1,83.9
Plant_2,Flowering,8.5,25.8,13.4,0,78.7
Plant_2,Post-Flowering,5.3,24.1,7.9,1,74.7
Plant_2,Growth Stagnation,7.7,23.4,11.6,2,57.7
Plant_2,Decline Stage,9.0,23.6,7.1,0,81.9
Plant_2,Dormant Stage,11.6,24.6,10.5,1,73.5
Plant_2,Post-Pruning Recovery,10.9,22.6,13.7,1,74.7
Plant_3,Sowing/Cutting,7.1,25.6,12.3,2,61.8
Plant_3,Germination/Rooting,7.4,24.3,7.3,0,62.3
Plant_3,Seedling Stage,9.8,24.7,10.6,2,78.3
Plant_3,Early Vegetative,5.8,23.9,8.1,0,79.8
Plant_3,Mid Vegetative,6.8,25.0,9.6,0,77.1
Plant_3,Late Vegetative,9.6,25.5,9.1,1,77.8
Plant_3,Mature Stage,7.2,23.0,11.4,2,70.9
Plant_3,Light Adjustment,10.2,21.7,10.7,2,75.6
Plant_3,Pre-Flowering,12.7,22.8,10.6,2,72.6
Plant_3,Flowering,11.7,26.3,11.9,1,76.5
Plant_3,Post-Flowering,7.7,23.5,9.0,1,70.8
Plant_3,Growth Stagnation,12.1,20.8,9.1,0,80.9
Plant_3,Decline Stage,14.7,24.3,11.1,0,57.3
Plant_3,Dormant Stage,10.1,22.7,14.3,2,76.3
Plant_3,Post-Pruning Recovery,13.1,22.7,9.1,0,53.3
Plant_4,Sowing/Cutting,11.5,25.7,7.6,0,66.7
Plant_4,Germination/Rooting,11.0,20.8,11.9,0,82.7
Plant_4,Seedling Stage,16.4,26.1,7.0,0,65.2
Plant_4,Early Vegetative,9.3,27.7,10.0,1,60.7
Plant_4,Mid Vegetative,4.0,21.4,13.1,0,83.2
Plant_4,Late Vegetative,14.3,21.1,12.3,1,70.1
Plant_4,Mature Stage,10.6,22.8,10.1,2,66.1
Plant_4,Light Adjustment,8.2,28.2,11.4,2,70.7
Plant_4,Pre-Flowering,10.8,22.8,9.6,1,65.1
Plant_4,Flowering,8.2,25.7,10.7,3,63.1
Plant_4,Post-Flowering,7.5,22.9,11.5,2,76.1
Plant_4,Growth Stagnation,8.0,26.3,13.1,1,65.6
Plant_4,Decline Stage,10.0,25.9,9.0,1,79.5
Plant_4,Dormant Stage,9.2,22.8,13.8,1,80.7
Plant_4,Post-Pruning Recovery,13.6,21.6,11.5,1,76.7
Plant_5,Sowing/Cutting,7.9,24.0,5.8,1,87.7
Plant_5,Germination/Rooting,11.8,26.7,9.1,2,72.0
Plant_5,Seedling Stage,5.7,21.2,8.6,2,67.9
Plant_5,Early Vegetative,9.1,24.0,8.6,0,69.5
Plant_5,Mid Vegetative,11.0,22.3,11.0,1,85.3
Plant_5,Late Vegetative,12.1,23.2,10.4,0,70.1
Plant_5,Mature Stage,11.4,24.1,14.6,1,74.1
Plant_5,Light Adjustment,13.6,27.6,9.8,1,79.8
Plant_5,Pre-Flowering,9.5,21.3,12.1,0,51.9
Plant_5,Flowering,11.0,27.8,11.9,1,64.2
Plant_5,Post-Flowering,6.0,27.7,12.4,1,65.3
Plant_5,Growth Stagnation,4.9,26.7,9.8,1,82.4
Plant_5,Decline Stage,10.0,24.1,9.1,1,76.2
Plant_5,Dormant Stage,10.4,25.0,11.4,1,58.8
Plant_5,Post-Pruning Recovery,11.0,22.5,13.1,2,71.2
Plant_6,Sowing/Cutting,13.1,24.3,8.0,0,67.3
Plant_6,Germination/Rooting,11.9,26.7,8.1,0,76.9
Plant_6,Seedling Stage,4.8,26.9,11.8,0,68.6
Plant_6,Early Vegetative,14.5,24.1,13.3,2,56.2
Plant_6,Mid Vegetative,10.0,25.6,9.4,2,53.4
Plant_6,Late Vegetative,6.1,25.3,10.7,0,60.6
Plant_6,Mature Stage,12.2,23.4,14.1,0,66.8
Plant_6,Light Adjustment,8.4,22.4,9.8,0,59.6
Plant_6,Pre-Flowering,10.2,19.4,9.8,2,70.4
Plant_6,Flowering,9.7,23.6,11.2,0,77.6
Plant_6,Post-Flowering,8.4,21.5,14.7,1,66.9
Plant_6,Growth Stagnation,12.6,22.0,10.1,1,79.7
Plant_6,Decline Stage,14.6,19.1,8.4,1,61.0
Plant_6,Dormant Stage,6.8,22.7,8.5,2,66.5
Plant_6,Post-Pruning Recovery,10.0,27.0,10.2,2,61.4
Plant_7,Sowing/Cutting,8.8,22.7,12.8,1,56.9
Plant_7,Germination/Rooting,10.1,24.3,9.3,0,67.6
Plant_7,Seedling Stage,8.0,23.0,8.8,0,61.4
Plant_7,Early Vegetative,2.5,25.4,10.8,2,69.2
Plant_7,Mid Vegetative,11.5,22.0,10.2,1,77.5
Plant_7,Late Vegetative,8.0,25.1,8.5,1,52.0
Plant_7,Mature Stage,10.8,22.2,11.3,0,53.4
Plant_7,Light Adjustment,18.4,20.8,9.7,0,65.9
Plant_7,Pre-Flowering,13.0,22.8,11.7,2,58.7
Plant_7,Flowering,4.7,21.9,10.3,0,70.9
Plant_7,Post-Flowering,10.3,23.7,12.3,0,72.5
Plant_7,Growth Stagnation,8.2,25.2,9.4,2,66.8
Plant_7,Decline Stage,12.6,23.3,12.4,1,65.9
Plant_7,Dormant Stage,4.4,23.3,10.0,0,86.8
Plant_7,Post-Pruning Recovery,9.3,25.6,11.8,1,71.0
Plant_8,Sowing/Cutting,10.5,25.1,8.3,2,66.0
Plant_8,Germination/Rooting,10.5,24.5,9.1,0,61.5
Plant_8,Seedling Stage,14.5,24.8,9.3,1,78.3
Plant_8,Early Vegetative,13.9,23.1,9.1,2,64.5
Plant_8,Mid Vegetative,11.2,27.8,8.5,0,57.6
Plant_8,Late Vegetative,10.5,25.7,8.2,1,46.8
Plant_8,Mature Stage,10.5,29.3,9.6,3,70.5
Plant_8,Light Adjustment,10.7,24.9,10.5,1,58.6
Plant_8,Pre-Flowering,10.6,24.2,9.8,0,77.8
Plant_8,Flowering,10.2,26.2,6.6,0,85.3
Plant_8,Post-Flowering,13.2,22.8,11.7,1,46.8
Plant_8,Growth Stagnation,13.8,22.4,7.0,1,67.4
Plant_8,Decline Stage,10.0,21.4,11.6,0,68.4
Plant_8,Dormant Stage,15.5,26.3,9.5,0,58.9
Plant_8,Post-Pruning Recovery,10.0,24.3,8.6,1,71.5
Plant_9,Sowing/Cutting,9.7,24.3,15.1,0,58.9
Plant_9,Germination/Rooting,9.2,27.0,4.7,1,80.9
Plant_9,Seedling Stage,9.0,23.3,7.2,1,62.2
Plant_9,Early Vegetative,12.8,26.5,11.4,0,58.7
Plant_9,Mid Vegetative,10.3,23.7,11.0,0,59.5
Plant_9,Late Vegetative,9.3,23.3,11.4,1,74.4
Plant_9,Mature Stage,6.8,25.2,11.2,0,66.9
Plant_9,Light Adjustment,5.0,27.5,7.5,1,61.8
Plant_9,Pre-Flowering,12.3,21.2,12.5,1,48.3
Plant_9,Flowering,12.9,23.9,9.3,0,83.5
Plant_9,Post-Flowering,10.9,20.6,7.3,0,77.4
Plant_9,Growth Stagnation,6.1,24.2,6.7,1,75.5
Plant_9,Decline Stage,8.6,25.1,13.2,1,85.7
Plant_9,Dormant Stage,9.5,25.6,10.8,0,46.3
Plant_9,Post-Pruning Recovery,11.6,22.5,10.4,0,62.4
Plant_10,Sowing/Cutting,5.4,22.4,12.7,0,61.2
Plant_10,Germination/Rooting,7.2,29.3,11.0,1,71.8
Plant_10,Seedling Stage,8.3,24.2,15.1,0,69.0
Plant_10,Early Vegetative,8.9,24.5,10.4,1,66.7
Plant_10,Mid Vegetative,5.3,23.2,11.0,1,75.3
Plant_10,Late Vegetative,4.7,26.3,7.4,2,67.7
Plant_10,Mature Stage,11.7,26.2,11.7,0,74.6
Plant_10,Light Adjustment,5.4,23.9,11.6,0,71.3
Plant_10,Pre-Flowering,6.8,26.1,9.9,2,76.8
Plant_10,Flowering,5.8,25.0,7.9,1,82.8
Plant_10,Post-Flowering,11.2,20.1,8.7,2,80.4
Plant_10,Growth Stagnation,10.2,26.1,9.0,1,84.1
Plant_10,Decline Stage,8.7,26.9,13.2,0,64.8
Plant_10,Dormant Stage,9.1,22.4,8.0,0,59.5
Plant_10,Post-Pruning Recovery,9.9,24.5,13.1,0,60.0
Plant_11,Sowing/Cutting,9.5,22.3,14.6,0,63.4
Plant_11,Germination/Rooting,10.5,25.0,10.6,0,90.0
Plant_11,Seedling Stage,8.4,22.8,11.1,0,63.8
Plant_11,Early Vegetative,14.3,22.9,8.3,1,74.7
Plant_11,Mid Vegetative,10.6,21.0,13.1,0,88.0
Plant_11,Late Vegetative,8.9,25.2,11.1,1,80.8
Plant_11,Mature Stage,4.8,21.5,11.8,1,60.5
Plant_11,Light Adjustment,12.1,21.9,4.0,2,61.3
Plant_11,Pre-Flowering,12.0,27.7,11.2,3,66.4
Plant_11,Flowering,11.5,25.7,12.0,1,85.3
Plant_11,Post-Flowering,8.9,22.3,8.6,2,74.9
Plant_11,Growth Stagnation,10.6,24.1,7.3,1,77.5
Plant_11,Decline Stage,9.1,24.4,10.5,1,85.8
Plant_11,Dormant Stage,11.8,24.4,9.1,0,71.9
Plant_11,Post-Pruning Recovery,8.9,24.3,6.4,1,79.7
Plant_12,Sowing/Cutting,11.1,22.9,9.7,2,49.6
Plant_12,Germination/Rooting,5.7,19.6,10.9,1,65.0
Plant_12,Seedling Stage,10.7,22.9,7.4,1,78.7
Plant_12,Early Vegetative,12.0,23.8,13.7,1,59.3
Plant_12,Mid Vegetative,9.9,24.5,9.5,0,73.5
Plant_12,Late Vegetative,10.2,23.5,11.9,2,66.6
Plant_12,Mature Stage,11.0,24.9,11.1,2,74.5
Plant_12,Light Adjustment,13.7,25.0,7.9,0,69.5
Plant_12,Pre-Flowering,8.0,27.6,9.9,0,55.7
Plant_12,Flowering,5.2,25.1,8.7,1,80.0
Plant_12,Post-Flowering,9.5,22.6,14.9,0,65.0
Plant_12,Growth Stagnation,12.4,24.9,8.1,0,69.5
Plant_12,Decline Stage,17.2,24.0,11.0,0,87.8
Plant_12,Dormant Stage,10.6,19.9,9.5,0,63.2
Plant_12,Post-Pruning Recovery,9.5,22.5,10.4,2,59.4
Plant_13,Sowing/Cutting,14.2,25.8,10.1,3,63.5
Plant_13,Germination/Rooting,13.1,22.9,12.6,1,72.0
Plant_13,Seedling Stage,15.2,24.4,8.7,1,65.2
Plant_13,Early Vegetative,11.6,22.9,10.0,2,90.0
Plant_13,Mid Vegetative,6.6,25.1,9.0,0,72.1
Plant_13,Late Vegetative,9.2,20.7,10.8,1,76.5
Plant_13,Mature Stage,6.3,21.1,10.4,1,80.5
Plant_13,Light Adjustment,13.2,23.9,9.7,0,78.8
Plant_13,Pre-Flowering,12.4,24.4,11.1,2,57.5
Plant_13,Flowering,11.5,24.5,8.9,1,63.3
Plant_13,Post-Flowering,9.9,26.3,11.1,1,66.3
Plant_13,Growth Stagnation,13.4,20.5,9.3,1,58.8
Plant_13,Decline Stage,6.1,26.3,9.1,2,73.5
Plant_13,Dormant Stage,3.7,24.5,9.5,0,82.3
Plant_13,Post-Pruning Recovery,14.5,25.7,9.3,0,66.5
Plant_14,Sowing/Cutting,12.5,26.4,12.4,3,69.1
Plant_14,Germination/Rooting,9.0,22.9,10.1,1,63.1
Plant_14,Seedling Stage,9.6,21.9,9.6,1,74.5
Plant_14,Early Vegetative,10.4,24.9,9.7,1,80.9
Plant_14,Mid Vegetative,7.4,24.8,8.1,2,76.4
Plant_14,Late Vegetative,8.1,27.8,9.6,3,72.2
Plant_14,Mature Stage,12.9,24.6,9.1,3,70.7
Plant_14,Light Adjustment,6.7,27.3,8.5,2,73.0
Plant_14,Pre-Flowering,9.8,24.7,10.6,2,74.2
Plant_14,Flowering,4.9,22.1,12.1,2,75.7
Plant_14,Post-Flowering,9.5,24.3,9.7,0,70.2
Plant_14,Growth Stagnation,6.2,20.7,8.2,1,85.5
Plant_14,Decline Stage,6.1,22.8,10.3,2,63.0
Plant_14,Dormant Stage,12.9,23.4,5.0,0,90.0
Plant_14,Post-Pruning Recovery,6.5,20.9,12.9,1,51.8
Plant_15,Sowing/Cutting,12.0,25.2,9.5,1,73.9
Plant_15,Germination/Rooting,9.4,25.1,9.9,0,60.5
Plant_15,Seedling Stage,7.0,21.8,10.4,0,83.9
Plant_15,Early Vegetative,14.5,25.5,8.8,0,54.1
Plant_15,Mid Vegetative,11.7,22.1,10.2,1,56.7
Plant_15,Late Vegetative,5.2,24.9,10.0,2,75.5
Plant_15,Mature Stage,11.4,24.3,12.4,1,73.8
Plant_15,Light Adjustment,11.5,21.4,12.3,1,67.0
Plant_15,Pre-Flowering,12.2,22.6,11.6,1,64.4
Plant_15,Flowering,10.7,22.4,14.4,0,57.6
Plant_15,Post-Flowering,11.9,24.8,9.6,0,68.7
Plant_15,Growth Stagnation,13.7,27.2,6.9,1,72.7
Plant_15,Decline Stage,10.9,24.0,10.8,1,62.3
Plant_15,Dormant Stage,12.9,26.2,10.6,1,64.7
Plant_15,Post-Pruning Recovery,6.7,22.6,8.8,1,68.0
Plant_16,Sowing/Cutting,8.1,25.4,12.1,1,71.1
Plant_16,Germination/Rooting,6.5,21.5,11.4,1,89.5
Plant_16,Seedling Stage,10.3,22.6,8.0,1,76.3
Plant_16,Early Vegetative,14.8,23.4,12.6,2,57.9
Plant_16,Mid Vegetative,6.7,23.4,12.4,1,71.4
Plant_16,Late Vegetative,10.6,23.4,10.3,2,68.5
Plant_16,Mature Stage,6.8,22.2,8.6,2,67.6
Plant_16,Light Adjustment,6.7,19.7,10.8,3,90.0
Plant_16,Pre-Flowering,8.7,26.3,11.1,0,76.0
Plant_16,Flowering,9.5,22.5,11.1,0,61.0
Plant_16,Post-Flowering,10.2,24.3,9.5,3,72.0
Plant_16,Growth Stagnation,8.0,25.1,4.9,0,70.6
Plant_16,Decline Stage,8.2,23.6,10.1,2,75.3
Plant_16,Dormant Stage,1.3,24.6,10.6,0,62.1
Plant_16,Post-Pruning Recovery,14.6,26.4,9.6,0,84.9
Plant_17,Sowing/Cutting,8.3,23.2,9.3,0,62.9
Plant_17,Germination/Rooting,8.8,24.3,10.3,2,70.0
Plant_17,Seedling Stage,11.5,28.6,7.9,2,67.9
Plant_17,Early Vegetative,6.5,20.4,11.1,1,77.6
Plant_17,Mid Vegetative,8.3,18.8,8.9,1,73.9
Plant_17,Late Vegetative,10.0,25.2,10.2,2,60.3
Plant_17,Mature Stage,6.4,23.9,12.3,1,61.4
Plant_17,Light Adjustment,7.4,19.4,10.6,2,72.1
Plant_17,Pre-Flowering,8.2,27.7,11.4,0,65.1
Plant_17,Flowering,9.7,25.8,12.8,2,82.1
Plant_17,Post-Flowering,10.1,22.5,10.9,1,63.2
Plant_17,Growth Stagnation,8.9,24.4,7.3,0,60.3
Plant_17,Decline Stage,12.0,26.3,9.1,0,65.6
Plant_17,Dormant Stage,13.6,25.4,12.0,1,62.4
Plant_17,Post-Pruning Recovery,9.0,23.5,12.7,1,75.6
Plant_18,Sowing/Cutting,8.1,25.9,10.1,2,72.7
Plant_18,Germination/Rooting,7.4,24.7,11.1,0,67.9
Plant_18,Seedling Stage,6.9,20.1,14.1,1,59.0
Plant_18,Early Vegetative,9.3,23.4,10.6,0,78.2
Plant_18,Mid Vegetative,10.9,24.5,11.7,2,61.9
Plant_18,Late Vegetative,12.0,26.3,10.4,2,57.0
Plant_18,Mature Stage,9.7,23.8,11.6,0,75.8
Plant_18,Light Adjustment,13.7,24.0,10.6,1,87.0
Plant_18,Pre-Flowering,11.7,20.5,11.5,2,73.8
Plant_18,Flowering,9.2,24.0,11.7,1,60.7
Plant_18,Post-Flowering,13.9,23.2,10.5,2,56.0
Plant_18,Growth Stagnation,13.6,22.8,9.7,1,70.1
Plant_18,Decline Stage,7.6,25.3,9.8,0,74.2
Plant_18,Dormant Stage,8.6,22.4,8.4,3,49.1
Plant_18,Post-Pruning Recovery,15.0,22.5,12.3,0,64.3
Plant_19,Sowing/Cutting,8.3,29.1,8.9,1,71.8
Plant_19,Germination/Rooting,16.2,26.4,12.0,0,75.9
Plant_19,Seedling Stage,10.0,26.6,12.2,2,63.5
Plant_19,Early Vegetative,6.6,23.6,8.6,0,51.3
Plant_19,Mid Vegetative,11.4,21.3,10.4,1,75.8
Plant_19,Late Vegetative,9.0,24.5,12.3,1,67.0
Plant_19,Mature Stage,6.2,24.7,7.2,0,58.3
Plant_19,Light Adjustment,10.4,20.5,10.6,0,68.5
Plant_19,Pre-Flowering,13.1,23.6,9.3,1,74.0
Plant_19,Flowering,6.7,23.9,10.4,1,66.2
Plant_19,Post-Flowering,12.7,25.6,10.7,0,59.0
Plant_19,Growth Stagnation,12.3,26.5,9.8,0,68.0
Plant_19,Decline Stage,11.1,23.6,8.3,1,60.8
Plant_19,Dormant Stage,8.4,24.0,10.2,1,58.7
Plant_19,Post-Pruning Recovery,10.7,24.2,11.4,0,71.0
Plant_20,Sowing/Cutting,5.3,22.9,11.6,0,57.5
Plant_20,Germination/Rooting,6.0,28.8,10.2,0,73.5
Plant_20,Seedling Stage,7.8,22.4,10.4,1,81.5
Plant_20,Early Vegetative,11.3,25.4,10.4,1,66.3
Plant_20,Mid Vegetative,6.8,18.2,10.9,1,79.0
Plant_20,Late Vegetative,11.9,28.1,10.0,2,62.7
Plant_20,Mature Stage,8.1,25.2,8.6,0,64.9
Plant_20,Light Adjustment,10.4,27.2,10.6,2,67.5
Plant_20,Pre-Flowering,11.0,23.9,9.9,2,62.6
Plant_20,Flowering,10.9,22.5,9.1,2,81.5
Plant_20,Post-Flowering,4.5,24.4,10.7,2,83.7
Plant_20,Growth Stagnation,10.2,25.7,11.0,1,61.5
Plant_20,Decline Stage,9.0,23.2,8.1,1,74.2
Plant_20,Dormant Stage,10.1,26.8,9.8,3,74.5
Plant_20,Post-Pruning Recovery,9.4,26.0,12.4,2,90.0
Plant_21,Sowing/Cutting,7.6,25.2,10.5,2,73.0
Plant_21,Germination/Rooting,14.0,23.8,5.8,2,63.9
Plant_21,Seedling Stage,11.6,22.3,8.9,0,65.9
Plant_21,Early Vegetative,14.8,23.4,12.4,0,85.2
Plant_21,Mid Vegetative,9.7,26.5,10.1,0,71.4
Plant_21,Late Vegetative,6.5,26.4,9.1,0,72.0
Plant_21,Mature Stage,8.8,25.0,9.0,2,77.8
Plant_21,Light Adjustment,7.0,22.6,11.0,3,71.8
Plant_21,Pre-Flowering,11.2,23.5,11.3,0,89.0
Plant_21,Flowering,4.9,19.4,10.3,2,81.0
Plant_21,Post-Flowering,8.4,23.8,10.7,0,71.9
Plant_21,Growth Stagnation,8.7,25.5,10.4,1,73.2
Plant_21,Decline Stage,12.7,22.9,11.3,0,66.1
Plant_21,Dormant Stage,11.1,27.7,9.6,0,66.5
Plant_21,Post-Pruning Recovery,4.3,23.4,6.8,0,77.8
Plant_22,Sowing/Cutting,12.9,27.4,9.8,1,68.3
Plant_22,Germination/Rooting,10.2,26.3,8.1,0,72.4
Plant_22,Seedling Stage,10.8,25.3,11.3,1,90.0
Plant_22,Early Vegetative,14.4,23.3,11.8,1,72.3
Plant_22,Mid Vegetative,13.7,27.5,8.0,1,77.8
Plant_22,Late Vegetative,9.2,19.2,10.8,2,71.4
Plant_22,Mature Stage,8.1,24.4,8.5,1,56.8
Plant_22,Light Adjustment,8.7,22.6,7.2,1,69.2
Plant_22,Pre-Flowering,10.2,21.1,9.4,2,62.5
Plant_22,Flowering,11.1,23.6,8.4,1,68.1
Plant_22,Post-Flowering,10.3,19.7,10.0,2,80.8
Plant_22,Growth Stagnation,7.9,21.0,6.4,3,54.2
Plant_22,Decline Stage,8.6,24.3,13.2,0,79.0
Plant_22,Dormant Stage,7.5,19.6,8.2,1,66.9
Plant_22,Post-Pruning Recovery,11.5,23.7,12.5,0,81.6
Plant_23,Sowing/Cutting,9.7,24.0,11.4,3,72.3
Plant_23,Germination/Rooting,6.6,24.2,9.9,0,67.9
Plant_23,Seedling Stage,18.0,23.0,6.1,3,77.3
Plant_23,Early Vegetative,15.5,22.5,8.1,1,59.1
Plant_23,Mid Vegetative,11.6,25.0,6.4,1,63.1
Plant_23,Late Vegetative,14.8,25.6,8.0,0,84.8
Plant_23,Mature Stage,6.7,23.6,9.4,0,77.8
Plant_23,Light Adjustment,10.1,23.7,7.2,0,82.1
Plant_23,Pre-Flowering,4.9,22.4,11.9,0,86.2
Plant_23,Flowering,15.7,23.1,9.9,0,58.5
Plant_23,Post-Flowering,11.6,24.0,9.1,0,68.9
Plant_23,Growth Stagnation,6.7,23.3,6.4,1,66.5
Plant_23,Decline Stage,9.7,24.5,10.5,2,79.0
Plant_23,Dormant Stage,9.7,24.9,6.9,1,58.7
Plant_23,Post-Pruning Recovery,15.2,28.5,11.3,1,75.0
Plant_24,Sowing/Cutting,7.6,22.8,9.7,0,65.3
Plant_24,Germination/Rooting,10.2,25.0,11.9,0,51.8
Plant_24,Seedling Stage,16.2,22.2,4.9,3,67.1
Plant_24,Early Vegetative,6.3,25.0,9.1,1,68.9
Plant_24,Mid Vegetative,10.8,24.9,12.2,0,71.0
Plant_24,Late Vegetative,8.9,24.6,8.7,2,78.7
Plant_24,Mature Stage,11.1,23.9,12.3,1,69.5
Plant_24,Light Adjustment,7.3,22.7,8.8,1,83.7
Plant_24,Pre-Flowering,13.2,24.4,9.9,2,72.9
Plant_24,Flowering,13.5,23.6,9.7,1,80.0
Plant_24,Post-Flowering,15.9,23.5,11.9,0,81.0
Plant_24,Growth Stagnation,7.1,21.2,8.7,0,78.6
Plant_24,Decline Stage,8.4,25.7,11.0,0,77.2
Plant_24,Dormant Stage,12.4,25.5,12.4,2,77.1
Plant_24,Post-Pruning Recovery,7.5,24.0,6.7,0,53.7
Plant_25,Sowing/Cutting,7.6,23.4,6.2,0,72.1
Plant_25,Germination/Rooting,14.4,24.0,9.6,0,70.8
Plant_25,Seedling Stage,5.2,22.5,8.5,2,60.6
Plant_25,Early Vegetative,9.2,25.3,6.9,3,68.7
Plant_25,Mid Vegetative,7.4,24.7,10.0,1,80.0
Plant_25,Late Vegetative,8.1,24.4,7.8,3,77.8
Plant_25,Mature Stage,6.5,24.1,8.5,1,78.9
Plant_25,Light Adjustment,11.0,22.1,8.7,0,70.2
Plant_25,Pre-Flowering,9.0,24.3,11.7,0,61.3
Plant_25,Flowering,9.2,22.4,11.5,0,65.1
Plant_25,Post-Flowering,10.8,24.4,11.7,1,68.6
Plant_25,Growth Stagnation,10.8,22.8,5.1,2,68.7
Plant_25,Decline Stage,11.6,22.4,10.4,3,70.7
Plant_25,Dormant Stage,10.6,23.4,9.1,0,71.4
Plant_25,Post-Pruning Recovery,10.0,25.2,7.1,0,47.0
Plant_26,Sowing/Cutting,5.8,21.2,12.5,1,66.8
Plant_26,Germination/Rooting,8.9,28.2,9.5,2,73.7
Plant_26,Seedling Stage,11.1,22.2,8.3,1,81.3
Plant_26,Early Vegetative,7.3,25.3,9.3,0,76.0
Plant_26,Mid Vegetative,4.8,24.2,6.9,0,58.7
Plant_26,Late Vegetative,9.3,22.0,4.9,1,68.1
Plant_26,Mature Stage,9.9,23.5,10.0,1,75.5
Plant_26,Light Adjustment,12.1,25.4,10.9,0,70.2
Plant_26,Pre-Flowering,9.3,24.4,12.0,1,62.6
Plant_26,Flowering,13.0,21.3,11.3,1,76.8
Plant_26,Post-Flowering,8.8,23.6,8.5,1,62.0
Plant_26,Growth Stagnation,7.9,23.9,11.1,0,70.5
Plant_26,Decline Stage,6.2,22.8,9.2,2,66.8
Plant_26,Dormant Stage,11.0,23.3,7.4,1,85.8
Plant_26,Post-Pruning Recovery,11.9,23.5,9.5,2,51.6
Plant_27,Sowing/Cutting,7.5,28.2,6.8,1,71.8
Plant_27,Germination/Rooting,9.4,23.3,9.6,1,83.7
Plant_27,Seedling Stage,5.7,23.5,9.1,1,75.9
Plant_27,Early Vegetative,5.2,24.9,14.0,0,56.4
Plant_27,Mid Vegetative,10.5,24.1,11.1,3,64.2
Plant_27,Late Vegetative,9.7,21.5,8.1,2,78.3
Plant_27,Mature Stage,14.5,24.7,9.4,0,70.0
Plant_27,Light Adjustment,11.9,23.6,11.3,0,57.3
Plant_27,Pre-Flowering,12.6,23.1,9.1,1,72.7
Plant_27,Flowering,16.3,23.5,9.3,1,63.5
Plant_27,Post-Flowering,8.1,26.6,12.8,3,64.0
Plant_27,Growth Stagnation,7.9,25.6,6.1,1,78.9
Plant_27,Decline Stage,10.0,22.1,9.2,2,76.9
Plant_27,Dormant Stage,11.6,29.3,8.4,0,79.6
Plant_27,Post-Pruning Recovery,9.4,25.8,9.7,1,85.1
Plant_28,Sowing/Cutting,6.2,24.7,11.8,0,65.8
Plant_28,Germination/Rooting,10.0,25.4,12.5,1,66.3
Plant_28,Seedling Stage,13.1,25.5,8.1,2,74.2
Plant_28,Early Vegetative,8.5,23.8,10.7,0,65.1
Plant_28,Mid Vegetative,12.1,18.9,8.5,0,59.8
Plant_28,Late Vegetative,12.0,21.7,11.3,1,74.6
Plant_28,Mature Stage,13.6,22.0,9.1,1,74.6
Plant_28,Light Adjustment,8.2,26.8,13.5,0,79.8
Plant_28,Pre-Flowering,15.4,24.8,11.0,2,64.3
Plant_28,Flowering,12.0,21.0,12.1,1,60.0
Plant_28,Post-Flowering,16.0,30.2,11.2,3,68.2
Plant_28,Growth Stagnation,10.7,25.0,11.3,0,74.2
Plant_28,Decline Stage,8.4,25.1,7.4,3,57.8
Plant_28,Dormant Stage,10.0,25.3,7.8,2,66.1
Plant_28,Post-Pruning Recovery,9.8,24.9,11.5,3,60.0
Plant_29,Sowing/Cutting,15.5,24.1,9.5,2,72.7
Plant_29,Germination/Rooting,8.6,22.3,11.4,2,66.1
Plant_29,Seedling Stage,13.3,27.9,10.1,0,63.6
Plant_29,Early Vegetative,6.9,21.3,7.0,1,81.1
Plant_29,Mid Vegetative,8.4,20.6,7.8,0,82.4
Plant_29,Late Vegetative,11.6,23.7,12.8,1,81.5
Plant_29,Mature Stage,14.6,23.0,9.4,0,64.7
Plant_29,Light Adjustment,11.0,23.9,10.1,0,62.4
Plant_29,Pre-Flowering,14.5,22.8,8.7,0,87.0
Plant_29,Flowering,5.5,22.7,9.8,0,55.5
Plant_29,Post-Flowering,12.8,21.4,10.2,0,74.0
Plant_29,Growth Stagnation,8.4,23.5,13.3,1,83.4
Plant_29,Decline Stage,12.4,21.7,11.6,0,85.4
Plant_29,Dormant Stage,12.0,20.9,9.6,2,72.8
Plant_29,Post-Pruning Recovery,9.3,23.9,6.9,2,75.1
Plant_30,Sowing/Cutting,8.8,24.8,8.3,2,68.6
Plant_30,Germination/Rooting,8.7,20.8,13.5,1,83.8
Plant_30,Seedling Stage,8.5,24.5,10.6,1,67.7
Plant_30,Early Vegetative,7.6,22.6,8.2,0,61.7
Plant_30,Mid Vegetative,15.1,23.4,13.2,0,80.0
Plant_30,Late Vegetative,11.5,24.9,10.2,0,77.4
Plant_30,Mature Stage,14.3,25.4,10.3,0,87.1
Plant_30,Light Adjustment,12.0,23.6,12.1,0,90.0
Plant_30,Pre-Flowering,12.4,23.5,12.2,1,76.4
Plant_30,Flowering,12.5,22.0,6.8,2,49.6
Plant_30,Post-Flowering,8.4,25.7,9.2,0,69.5
Plant_30,Growth Stagnation,7.9,24.0,11.6,0,69.8
Plant_30,Decline Stage,8.5,26.9,7.5,0,78.1
Plant_30,Dormant Stage,11.6,21.9,10.3,1,71.6
Plant_30,Post-Pruning Recovery,7.0,21.8,10.2,1,53.4
Plant_31,Sowing/Cutting,13.1,23.1,8.7,2,80.1
Plant_31,Germination/Rooting,10.3,19.6,9.5,1,61.5
Plant_31,Seedling Stage,11.1,23.4,11.8,2,74.8
Plant_31,Early Vegetative,6.7,24.7,8.0,1,75.3
Plant_31,Mid Vegetative,10.3,27.5,9.4,0,74.2
Plant_31,Late Vegetative,9.3,23.4,14.9,0,74.3
Plant_31,Mature Stage,9.6,22.8,8.5,2,63.0
Plant_31,Light Adjustment,5.2,20.2,13.7,1,73.9
Plant_31,Pre-Flowering,2.1,24.0,10.7,1,79.2
Plant_31,Flowering,7.2,24.5,8.2,1,65.9
Plant_31,Post-Flowering,12.6,23.5,10.1,1,55.5
Plant_31,Growth Stagnation,17.9,21.8,12.9,0,80.0
Plant_31,Decline Stage,13.7,24.3,10.7,1,73.4
Plant_31,Dormant Stage,9.3,26.9,10.7,2,67.0
Plant_31,Post-Pruning Recovery,13.7,23.1,9.9,0,70.6
Plant_32,Sowing/Cutting,9.2,25.9,11.0,0,70.4
Plant_32,Germination/Rooting,8.2,24.4,12.4,2,65.1
Plant_32,Seedling Stage,6.8,22.6,7.5,0,55.3
Plant_32,Early Vegetative,8.2,19.6,11.8,1,82.7
Plant_32,Mid Vegetative,12.0,21.7,9.6,2,69.9
Plant_32,Late Vegetative,14.2,24.8,11.5,1,76.2
Plant_32,Mature Stage,13.2,27.1,8.6,0,75.3
Plant_32,Light Adjustment,10.9,24.9,10.4,2,73.1
Plant_32,Pre-Flowering,15.6,26.2,9.8,1,57.8
Plant_32,Flowering,8.1,22.0,8.5,2,63.1
Plant_32,Post-Flowering,7.3,27.0,11.0,1,80.3
Plant_32,Growth Stagnation,6.7,25.8,10.3,0,75.5
Plant_32,Decline Stage,7.5,22.8,8.0,1,77.0
Plant_32,Dormant Stage,13.1,25.1,11.4,0,77.6
Plant_32,Post-Pruning Recovery,10.8,22.9,8.0,0,50.4
Plant_33,Sowing/Cutting,9.0,25.0,8.9,1,70.7
Plant_33,Germination/Rooting,12.0,23.4,9.1,1,76.4
Plant_33,Seedling Stage,13.5,22.4,10.7,1,73.2
Plant_33,Early Vegetative,9.7,23.0,12.4,1,64.0
Plant_33,Mid Vegetative,6.4,25.4,12.7,0,76.3
Plant_33,Late Vegetative,11.2,26.2,14.0,2,80.2
Plant_33,Mature Stage,15.3,23.0,7.3,3,64.5
Plant_33,Light Adjustment,5.6,24.3,12.2,2,75.5
Plant_33,Pre-Flowering,15.9,23.0,7.9,1,84.8
Plant_33,Flowering,15.9,24.0,12.0,0,83.4
Plant_33,Post-Flowering,11.2,22.0,7.6,1,73.7
Plant_33,Growth Stagnation,12.9,24.9,11.0,3,83.3
Plant_33,Decline Stage,2.4,23.4,10.5,0,58.5
Plant_33,Dormant Stage,10.5,25.5,6.5,0,81.1
Plant_33,Post-Pruning Recovery,9.8,23.1,10.4,3,62.4
Plant_34,Sowing/Cutting,11.9,22.4,11.8,1,63.7
Plant_34,Germination/Rooting,10.8,25.6,9.9,1,74.5
Plant_34,Seedling Stage,8.5,23.6,9.6,0,62.5
Plant_34,Early Vegetative,8.0,22.6,6.5,0,67.7
Plant_34,Mid Vegetative,9.2,23.5,9.9,0,74.8
Plant_34,Late Vegetative,8.2,26.1,8.0,0,62.4
Plant_34,Mature Stage,7.7,21.4,9.1,0,71.8
Plant_34,Light Adjustment,8.9,24.7,11.8,0,66.2
Plant_34,Pre-Flowering,9.9,22.3,11.1,1,52.1
Plant_34,Flowering,10.6,29.4,10.7,0,60.0
Plant_34,Post-Flowering,7.5,24.0,6.2,1,66.1
Plant_34,Growth Stagnation,6.4,19.4,11.1,3,86.4
Plant_34,Decline Stage,13.7,24.3,7.6,1,65.0
Plant_34,Dormant Stage,0.0,21.1,9.2,1,80.4
Plant_34,Post-Pruning Recovery,8.4,20.1,9.0,0,73.4
Plant_35,Sowing/Cutting,15.7,27.3,14.4,0,68.4
Plant_35,Germination/Rooting,3.7,25.7,8.2,1,74.0
Plant_35,Seedling Stage,7.3,22.6,10.9,0,65.7
Plant_35,Early Vegetative,6.7,24.4,12.4,0,64.9
Plant_35,Mid Vegetative,10.3,22.3,10.8,0,74.7
Plant_35,Late Vegetative,6.7,25.4,10.8,0,66.9
Plant_35,Mature Stage,10.9,24.8,12.7,0,76.9
Plant_35,Light Adjustment,3.7,22.8,9.9,1,60.9
Plant_35,Pre-Flowering,7.2,22.7,10.6,1,68.1
Plant_35,Flowering,8.2,24.9,4.5,3,65.0
Plant_35,Post-Flowering,8.8,24.8,10.3,2,48.7
Plant_35,Growth Stagnation,8.0,24.0,10.1,1,64.9
Plant_35,Decline Stage,5.3,23.4,10.5,0,61.1
Plant_35,Dormant Stage,8.8,21.7,9.1,1,82.6
Plant_35,Post-Pruning Recovery,7.8,25.5,11.4,1,88.5
Plant_36,Sowing/Cutting,10.3,26.6,8.6,0,77.5
Plant_36,Germination/Rooting,11.5,24.4,11.4,1,55.4
Plant_36,Seedling Stage,11.0,25.1,8.1,1,60.2
Plant_36,Early Vegetative,13.0,26.1,7.8,0,57.2
Plant_36,Mid Vegetative,5.1,23.2,12.0,1,65.3
Plant_36,Late Vegetative,11.9,23.6,10.6,0,58.5
Plant_36,Mature Stage,9.8,25.0,6.7,1,70.1
Plant_36,Light Adjustment,12.5,25.6,11.7,2,71.7
Plant_36,Pre-Flowering,7.2,27.5,11.9,2,67.6
Plant_36,Flowering,6.7,25.8,9.0,0,65.1
Plant_36,Post-Flowering,13.7,23.5,10.7,1,64.3
Plant_36,Growth Stagnation,4.3,23.9,7.3,0,89.9
Plant_36,Decline Stage,10.4,22.0,9.4,3,77.2
Plant_36,Dormant Stage,12.2,24.6,6.7,0,60.4
Plant_36,Post-Pruning Recovery,11.4,25.0,10.4,1,60.9
Plant_37,Sowing/Cutting,10.4,22.6,10.8,0,90.0
Plant_37,Germination/Rooting,10.8,21.5,10.7,2,68.4
Plant_37,Seedling Stage,9.8,24.9,9.1,0,68.5
Plant_37,Early Vegetative,8.8,27.8,11.1,0,56.6
Plant_37,Mid Vegetative,4.4,26.1,10.9,1,74.3
Plant_37,Late Vegetative,13.5,23.0,7.8,0,63.6
Plant_37,Mature Stage,5.4,18.3,9.1,1,75.5
Plant_37,Light Adjustment,8.8,26.3,6.3,1,66.1
Plant_37,Pre-Flowering,10.6,24.9,9.0,1,70.3
Plant_37,Flowering,11.4,22.0,10.1,1,74.5
Plant_37,Post-Flowering,7.1,23.6,11.2,1,71.6
Plant_37,Growth Stagnation,12.1,19.9,12.3,2,66.6
Plant_37,Decline Stage,8.6,23.4,7.9,2,52.1
Plant_37,Dormant Stage,6.4,23.2,10.6,0,66.7
Plant_37,Post-Pruning Recovery,6.4,23.4,10.3,0,80.2
Plant_38,Sowing/Cutting,15.3,24.0,10.5,1,76.9
Plant_38,Germination/Rooting,10.6,27.3,8.5,2,88.2
Plant_38,Seedling Stage,10.5,26.5,9.5,1,81.6
Plant_38,Early Vegetative,12.0,23.1,14.7,0,43.4
Plant_38,Mid Vegetative,4.5,25.5,9.8,1,74.2
Plant_38,Late Vegetative,13.1,25.2,9.7,1,75.8
Plant_38,Mature Stage,14.9,26.1,8.5,1,73.6
Plant_38,Light Adjustment,6.1,25.1,10.9,1,51.3
Plant_38,Pre-Flowering,9.1,21.6,10.8,0,72.5
Plant_38,Flowering,7.5,23.6,7.7,0,73.4
Plant_38,Post-Flowering,11.5,23.3,9.7,0,77.4
Plant_38,Growth Stagnation,10.3,23.0,9.3,1,69.2
Plant_38,Decline Stage,8.0,26.0,10.2,2,65.0
Plant_38,Dormant Stage,12.9,22.0,10.9,1,67.3
Plant_38,Post-Pruning Recovery,9.7,22.8,10.9,0,74.7
Plant_39,Sowing/Cutting,11.9,22.9,6.0,1,63.9
Plant_39,Germination/Rooting,12.0,22.4,10.0,1,63.4
Plant_39,Seedling Stage,12.0,19.3,10.5,2,58.1
Plant_39,Early Vegetative,8.6,22.6,7.7,1,52.5
Plant_39,Mid Vegetative,9.7,23.2,8.1,1,76.1
Plant_39,Late Vegetative,7.0,22.5,7.1,3,65.0
Plant_39,Mature Stage,6.7,23.3,8.4,1,83.3
Plant_39,Light Adjustment,12.7,27.7,9.2,1,77.1
Plant_39,Pre-Flowering,5.4,20.2,11.4,1,51.2
Plant_39,Flowering,10.6,24.9,10.4,1,82.8
Plant_39,Post-Flowering,7.1,22.6,8.5,1,78.3
Plant_39,Growth Stagnation,12.7,24.9,12.4,1,58.2
Plant_39,Decline Stage,12.2,27.6,6.7,1,64.8
Plant_39,Dormant Stage,6.8,25.5,12.7,0,77.0
Plant_39,Post-Pruning Recovery,13.2,24.7,9.4,1,48.9
Plant_40,Sowing/Cutting,9.0,24.0,9.6,0,66.8
Plant_40,Germination/Rooting,6.8,27.8,7.4,0,71.9
Plant_40,Seedling Stage,10.7,24.2,13.2,1,89.5
Plant_40,Early Vegetative,10.6,22.4,11.3,1,67.6
Plant_40,Mid Vegetative,7.0,26.1,13.8,3,72.4
Plant_40,Late Vegetative,9.7,24.5,11.3,2,58.6
Plant_40,Mature Stage,7.3,26.3,11.3,0,89.4
Plant_40,Light Adjustment,7.7,24.6,13.1,1,63.4
Plant_40,Pre-Flowering,6.1,22.5,10.0,3,67.0
Plant_40,Flowering,10.3,22.3,12.8,1,54.1
Plant_40,Post-Flowering,9.2,22.8,9.9,3,72.7
Plant_40,Growth Stagnation,8.3,26.0,8.4,2,53.7
Plant_40,Decline Stage,11.0,22.1,10.4,2,59.7
Plant_40,Dormant Stage,10.0,26.2,11.5,0,84.4
Plant_40,Post-Pruning Recovery,16.3,22.0,9.3,0,74.2
Plant_41,Sowing/Cutting,17.7,22.7,8.3,0,70.9
Plant_41,Germination/Rooting,10.6,22.2,6.9,2,72.6
Plant_41,Seedling Stage,15.9,24.0,8.3,3,59.2
Plant_41,Early Vegetative,7.6,26.7,9.0,0,90.0
Plant_41,Mid Vegetative,11.5,27.6,11.4,0,67.6
Plant_41,Late Vegetative,8.9,23.7,11.5,0,80.1
Plant_41,Mature Stage,7.1,27.3,9.4,2,85.9
Plant_41,Light Adjustment,10.7,22.0,9.8,0,73.4
Plant_41,Pre-Flowering,10.2,19.7,10.9,2,60.2
Plant_41,Flowering,7.2,23.5,9.6,1,79.6
Plant_41,Post-Flowering,16.0,22.4,10.3,1,75.1
Plant_41,Growth Stagnation,17.3,22.9,6.4,0,84.9
Plant_41,Decline Stage,9.2,22.1,11.0,0,62.7
Plant_41,Dormant Stage,10.2,22.6,12.0,1,72.5
Plant_41,Post-Pruning Recovery,10.6,26.8,10.2,1,62.1
Plant_42,Sowing/Cutting,7.7,23.1,9.6,1,58.5
Plant_42,Germination/Rooting,13.6,24.6,9.9,3,61.7
Plant_42,Seedling Stage,11.7,22.4,9.8,1,65.1
Plant_42,Early Vegetative,10.6,24.9,12.8,1,69.2
Plant_42,Mid Vegetative,8.2,25.7,9.7,1,59.3
Plant_42,Late Vegetative,10.4,22.8,9.5,0,78.1
Plant_42,Mature Stage,8.2,23.8,10.9,1,74.2
Plant_42,Light Adjustment,10.8,26.8,10.9,2,81.0
Plant_42,Pre-Flowering,10.2,25.2,7.3,1,75.1
Plant_42,Flowering,14.2,25.1,6.9,1,71.3
Plant_42,Post-Flowering,6.4,23.6,9.0,1,64.5
Plant_42,Growth Stagnation,10.9,19.0,5.2,1,66.6
Plant_42,Decline Stage,7.8,24.0,10.3,2,62.7
Plant_42,Dormant Stage,10.5,21.3,9.2,2,71.3
Plant_42,Post-Pruning Recovery,5.1,24.2,10.6,0,71.3
Plant_43,Sowing/Cutting,12.9,19.8,12.3,1,83.9
Plant_43,Germination/Rooting,8.9,23.9,8.0,0,64.8
Plant_43,Seedling Stage,10.3,25.0,8.2,1,81.3
Plant_43,Early Vegetative,11.9,26.1,7.2,1,90.0
Plant_43,Mid Vegetative,7.3,21.4,11.0,1,66.5
Plant_43,Late Vegetative,5.4,20.6,8.8,1,80.8
Plant_43,Mature Stage,13.6,24.6,10.7,0,72.8
Plant_43,Light Adjustment,7.6,24.8,12.6,1,47.8
Plant_43,Pre-Flowering,7.1,27.3,8.8,1,58.3
Plant_43,Flowering,4.5,21.9,13.0,0,88.6
Plant_43,Post-Flowering,17.7,21.3,7.2,1,73.4
Plant_43,Growth Stagnation,13.6,22.8,6.8,2,74.3
Plant_43,Decline Stage,12.1,26.9,7.8,0,69.6
Plant_43,Dormant Stage,15.4,21.1,6.3,0,71.2
Plant_43,Post-Pruning Recovery,4.5,23.9,11.3,0,71.2
Plant_44,Sowing/Cutting,7.3,23.9,11.7,1,90.0
Plant_44,Germination/Rooting,9.9,24.1,11.9,2,71.8
Plant_44,Seedling Stage,11.0,24.4,7.5,0,72.9
Plant_44,Early Vegetative,8.1,22.5,11.0,1,51.7
Plant_44,Mid Vegetative,7.8,24.4,7.0,0,70.9
Plant_44,Late Vegetative,13.7,23.2,12.1,1,76.0
Plant_44,Mature Stage,16.9,21.0,12.5,3,81.5
Plant_44,Light Adjustment,11.0,23.5,8.4,0,62.8
Plant_44,Pre-Flowering,10.0,26.3,7.7,2,77.6
Plant_44,Flowering,6.0,23.2,10.1,1,71.1
Plant_44,Post-Flowering,12.1,25.5,8.0,2,67.2
Plant_44,Growth Stagnation,10.1,21.1,8.6,2,52.2
Plant_44,Decline Stage,5.4,22.7,11.2,1,63.7
Plant_44,Dormant Stage,11.3,24.5,9.3,1,73.7
Plant_44,Post-Pruning Recovery,8.5,23.6,8.0,0,69.6
Plant_45,Sowing/Cutting,13.0,22.8,9.2,3,77.2
Plant_45,Germination/Rooting,11.0,24.3,7.7,1,82.3
Plant_45,Seedling Stage,6.9,24.1,12.0,1,63.8
Plant_45,Early Vegetative,9.6,24.7,12.4,2,77.8
Plant_45,Mid Vegetative,13.1,25.7,7.7,1,78.2
Plant_45,Late Vegetative,10.2,23.7,12.4,1,69.2
Plant_45,Mature Stage,10.5,26.5,11.2,1,61.5
Plant_45,Light Adjustment,13.8,23.7,11.1,0,78.4
Plant_45,Pre-Flowering,11.4,25.9,8.0,2,84.1
Plant_45,Flowering,12.8,23.6,12.1,0,84.5
Plant_45,Post-Flowering,13.0,22.5,8.0,0,67.0
Plant_45,Growth Stagnation,11.3,24.1,7.1,0,56.8
Plant_45,Decline Stage,1.8,25.9,10.0,1,80.5
Plant_45,Dormant Stage,10.6,22.9,6.9,1,87.5
Plant_45,Post-Pruning Recovery,11.5,23.0,8.0,1,88.3
Plant_46,Sowing/Cutting,10.3,27.3,11.8,3,53.3
Plant_46,Germination/Rooting,5.8,23.2,11.0,0,76.8
Plant_46,Seedling Stage,11.0,24.3,8.0,1,68.2
Plant_46,Early Vegetative,14.3,21.1,8.8,0,73.3
Plant_46,Mid Vegetative,9.7,23.1,8.9,1,80.9
Plant_46,Late Vegetative,13.4,24.1,9.6,3,85.0
Plant_46,Mature Stage,10.7,20.7,10.6,0,64.4
Plant_46,Light Adjustment,12.0,22.9,12.0,0,65.0
Plant_46,Pre-Flowering,6.8,22.4,10.5,0,56.7
Plant_46,Flowering,4.5,21.5,5.8,0,69.1
Plant_46,Post-Flowering,6.8,21.9,8.2,1,65.1
Plant_46,Growth Stagnation,7.3,24.6,11.0,1,65.3
Plant_46,Decline Stage,9.4,24.4,13.1,3,70.7
Plant_46,Dormant Stage,7.0,22.0,7.2,1,54.0
Plant_46,Post-Pruning Recovery,7.3,25.0,10.1,3,50.3
Plant_47,Sowing/Cutting,7.4,24.2,7.5,0,52.1
Plant_47,Germination/Rooting,9.6,24.8,11.1,0,68.7
Plant_47,Seedling Stage,8.8,24.5,9.9,1,71.8
Plant_47,Early Vegetative,6.5,25.0,12.4,0,74.8
Plant_47,Mid Vegetative,6.3,21.8,7.2,0,83.2
Plant_47,Late Vegetative,13.7,24.8,8.1,0,66.9
Plant_47,Mature Stage,7.7,22.0,12.4,1,86.7
Plant_47,Light Adjustment,8.5,25.1,12.8,0,68.5
Plant_47,Pre-Flowering,13.9,21.8,9.3,1,68.5
Plant_47,Flowering,7.8,23.6,9.1,0,62.1
Plant_47,Post-Flowering,6.8,23.9,10.9,0,67.9
Plant_47,Growth Stagnation,11.0,27.3,10.3,1,80.0
Plant_47,Decline Stage,6.7,21.0,8.5,3,81.9
Plant_47,Dormant Stage,9.3,20.7,11.5,2,61.7
Plant_47,Post-Pruning Recovery,9.8,25.1,5.6,3,68.4
Plant_48,Sowing/Cutting,7.6,20.2,9.2,3,80.0
Plant_48,Germination/Rooting,11.3,24.8,8.9,1,68.7
Plant_48,Seedling Stage,14.8,23.4,12.7,0,55.9
Plant_48,Early Vegetative,10.9,27.2,8.7,1,60.7
Plant_48,Mid Vegetative,7.3,18.8,10.1,1,79.5
Plant_48,Late Vegetative,6.9,23.7,11.5,2,58.1
Plant_48,Mature Stage,12.0,27.1,11.8,2,77.6
Plant_48,Light Adjustment,8.3,24.4,12.0,1,64.5
Plant_48,Pre-Flowering,13.5,23.8,11.7,0,66.3
Plant_48,Flowering,11.6,24.9,9.4,0,57.2
Plant_48,Post-Flowering,10.9,27.7,7.7,0,75.2
Plant_48,Growth Stagnation,9.7,23.5,12.2,1,71.9
Plant_48,Decline Stage,10.1,25.5,8.8,0,73.6
Plant_48,Dormant Stage,17.5,26.5,7.7,1,73.5
Plant_48,Post-Pruning Recovery,10.2,24.2,7.5,2,73.8
Plant_49,Sowing/Cutting,19.5,21.8,10.5,0,49.2
Plant_49,Germination/Rooting,8.4,25.0,9.7,1,61.7
Plant_49,Seedling Stage,11.3,20.6,11.1,2,68.1
Plant_49,Early Vegetative,3.8,23.4,13.3,1,73.6
Plant_49,Mid Vegetative,10.1,24.9,7.3,1,75.9
Plant_49,Late Vegetative,8.5,25.3,10.0,1,55.9
Plant_49,Mature Stage,7.0,24.4,9.8,1,64.2
Plant_49,Light Adjustment,8.4,23.8,14.3,1,55.8
Plant_49,Pre-Flowering,8.0,23.4,8.4,3,67.4
Plant_49,Flowering,12.6,21.2,7.7,1,41.6
Plant_49,Post-Flowering,11.6,23.6,10.0,2,63.1
Plant_49,Growth Stagnation,7.7,21.5,10.4,1,81.4
Plant_49,Decline Stage,14.1,20.7,10.5,2,64.6
Plant_49,Dormant Stage,14.4,24.9,11.9,2,67.6
Plant_49,Post-Pruning Recovery,8.8,22.5,11.5,0,81.3
Plant_50,Sowing/Cutting,11.7,22.6,6.9,1,68.6
Plant_50,Germination/Rooting,8.9,20.0,9.2,0,66.9
Plant_50,Seedling Stage,8.8,26.9,9.3,0,70.5
Plant_50,Early Vegetative,13.9,23.6,11.7,1,70.8
Plant_50,Mid Vegetative,6.7,26.8,9.8,0,72.2
Plant_50,Late Vegetative,13.1,25.5,11.3,0,78.1
Plant_50,Mature Stage,5.5,22.4,12.7,2,78.9
Plant_50,Light Adjustment,13.2,23.6,8.6,1,59.1
Plant_50,Pre-Flowering,6.7,28.2,8.3,0,77.5
Plant_50,Flowering,9.3,20.2,9.1,1,59.6
Plant_50,Post-Flowering,12.9,24.4,10.6,1,59.0
Plant_50,Growth Stagnation,7.8,27.3,9.5,2,70.0
Plant_50,Decline Stage,10.5,23.9,10.1,3,42.9
Plant_50,Dormant Stage,9.6,26.2,5.3,2,64.9
Plant_50,Post-Pruning Recovery,9.8,26.3,10.2,1,62.5
Plant_51,Sowing/Cutting,11.6,23.0,8.7,2,70.8
Plant_51,Germination/Rooting,13.4,23.8,8.1,0,64.0
Plant_51,Seedling Stage,13.0,22.6,6.9,0,68.4
Plant_51,Early Vegetative,11.4,23.7,7.3,2,69.4
Plant_51,Mid Vegetative,10.8,23.0,8.3,0,64.2
Plant_51,Late Vegetative,9.7,21.8,7.4,0,89.3
Plant_51,Mature Stage,11.2,24.5,12.6,1,45.7
Plant_51,Light Adjustment,13.3,20.9,4.0,0,75.7
Plant_51,Pre-Flowering,5.1,25.2,8.6,1,54.3
Plant_51,Flowering,7.6,24.3,9.6,1,58.3
Plant_51,Post-Flowering,8.3,23.5,9.7,2,74.3
Plant_51,Growth Stagnation,10.1,25.1,13.7,2,65.2
Plant_51,Decline Stage,16.0,28.6,7.6,3,66.6
Plant_51,Dormant Stage,10.7,21.0,10.3,2,89.3
Plant_51,Post-Pruning Recovery,8.2,25.0,6.9,1,58.2
Plant_52,Sowing/Cutting,14.4,23.8,6.3,1,78.9
Plant_52,Germination/Rooting,10.1,20.9,10.3,2,90.0
Plant_52,Seedling Stage,13.2,24.4,13.3,1,76.2
Plant_52,Early Vegetative,3.2,22.2,9.2,2,75.5
Plant_52,Mid Vegetative,12.3,23.4,9.9,0,74.9
Plant_52,Late Vegetative,15.9,24.5,11.9,0,61.0
Plant_52,Mature Stage,9.6,23.0,7.3,1,59.2
Plant_52,Light Adjustment,8.2,22.1,9.9,1,73.6
Plant_52,Pre-Flowering,13.5,25.9,8.4,1,72.0
Plant_52,Flowering,14.5,25.2,11.0,0,65.7
Plant_52,Post-Flowering,9.6,26.4,9.1,1,66.6
Plant_52,Growth Stagnation,8.3,21.8,11.6,0,90.0
Plant_52,Decline Stage,7.0,22.4,9.2,1,56.3
Plant_52,Dormant Stage,6.1,20.8,8.7,0,77.3
Plant_52,Post-Pruning Recovery,6.6,22.2,13.1,2,70.3
Plant_53,Sowing/Cutting,6.6,26.3,10.3,0,66.6
Plant_53,Germination/Rooting,4.8,22.2,12.1,0,77.6
Plant_53,Seedling Stage,8.2,25.8,13.4,2,66.0
Plant_53,Early Vegetative,13.3,27.2,10.8,0,85.6
Plant_53,Mid Vegetative,3.8,23.4,11.9,1,71.9
Plant_53,Late Vegetative,8.0,24.1,9.9,0,54.2
Plant_53,Mature Stage,10.1,21.3,7.7,1,61.5
Plant_53,Light Adjustment,8.2,24.6,11.3,1,75.8
Plant_53,Pre-Flowering,13.1,24.9,13.7,1,79.8
Plant_53,Flowering,10.3,23.4,9.8,0,62.0
Plant_53,Post-Flowering,6.7,24.3,12.0,0,76.5
Plant_53,Growth Stagnation,10.2,26.1,8.1,3,69.2
Plant_53,Decline Stage,8.8,22.8,11.2,2,68.5
Plant_53,Dormant Stage,11.0,22.9,11.7,0,56.4
Plant_53,Post-Pruning Recovery,11.0,23.7,11.5,2,75.1
Plant_54,Sowing/Cutting,11.5,26.1,8.2,3,73.5
Plant_54,Germination/Rooting,9.7,23.2,11.1,1,78.8
Plant_54,Seedling Stage,6.8,19.0,10.4,0,76.1
Plant_54,Early Vegetative,7.8,24.1,9.9,1,72.3
Plant_54,Mid Vegetative,13.4,26.5,8.0,0,79.2
Plant_54,Late Vegetative,11.1,22.3,10.2,2,65.2
Plant_54,Mature Stage,7.6,23.8,12.0,0,75.3
Plant_54,Light Adjustment,13.5,23.5,9.3,1,75.0
Plant_54,Pre-Flowering,11.7,25.4,6.1,1,62.4
Plant_54,Flowering,11.4,27.0,9.0,0,65.0
Plant_54,Post-Flowering,10.4,22.7,10.2,1,64.1
Plant_54,Growth Stagnation,13.3,20.6,11.5,2,84.0
Plant_54,Decline Stage,8.3,21.7,11.7,2,74.2
Plant_54,Dormant Stage,15.6,26.5,11.4,1,79.8
Plant_54,Post-Pruning Recovery,11.9,24.9,11.8,0,56.3
Plant_55,Sowing/Cutting,6.4,24.6,8.3,0,75.5
Plant_55,Germination/Rooting,12.6,24.0,9.1,2,66.3
Plant_55,Seedling Stage,11.2,22.1,8.8,2,65.4
Plant_55,Early Vegetative,8.5,20.3,10.5,0,69.6
Plant_55,Mid Vegetative,7.1,21.3,6.8,1,74.1
Plant_55,Late Vegetative,12.1,24.5,11.3,1,69.3
Plant_55,Mature Stage,8.2,22.1,9.6,1,60.9
Plant_55,Light Adjustment,11.0,22.2,9.0,1,80.7
Plant_55,Pre-Flowering,13.5,26.3,7.2,0,77.6
Plant_55,Flowering,12.9,23.8,12.4,1,72.5
Plant_55,Post-Flowering,13.3,26.4,7.8,1,77.9
Plant_55,Growth Stagnation,10.4,24.2,13.0,1,56.3
Plant_55,Decline Stage,13.2,22.5,10.3,1,68.9
Plant_55,Dormant Stage,9.6,23.5,10.5,1,77.2
Plant_55,Post-Pruning Recovery,14.3,21.1,10.6,0,67.0
Plant_56,Sowing/Cutting,6.8,27.4,8.2,0,72.2
Plant_56,Germination/Rooting,9.3,24.9,8.6,3,61.6
Plant_56,Seedling Stage,8.8,24.6,9.0,0,61.5
Plant_56,Early Vegetative,12.4,22.8,8.5,0,67.8
Plant_56,Mid Vegetative,10.1,24.2,7.6,2,67.0
Plant_56,Late Vegetative,10.6,22.0,10.0,2,77.8
Plant_56,Mature Stage,7.7,25.1,12.7,0,56.2
Plant_56,Light Adjustment,11.6,19.7,10.0,1,71.6
Plant_56,Pre-Flowering,11.3,26.6,9.6,2,79.4
Plant_56,Flowering,7.8,22.7,8.2,1,81.5
Plant_56,Post-Flowering,9.2,26.1,8.9,0,74.2
Plant_56,Growth Stagnation,10.2,23.4,12.3,0,41.6
Plant_56,Decline Stage,15.0,22.8,13.3,0,65.9
Plant_56,Dormant Stage,11.1,26.5,8.7,2,62.7
Plant_56,Post-Pruning Recovery,11.8,23.2,8.8,1,89.5
Plant_57,Sowing/Cutting,5.6,26.6,10.0,1,71.8
Plant_57,Germination/Rooting,15.2,23.2,9.5,0,90.0
Plant_57,Seedling Stage,5.1,23.5,9.5,2,76.3
Plant_57,Early Vegetative,6.8,24.2,8.4,1,67.5
Plant_57,Mid Vegetative,7.9,25.4,9.4,2,58.4
Plant_57,Late Vegetative,7.4,24.1,11.3,0,53.7
Plant_57,Mature Stage,6.2,25.5,11.9,3,77.3
Plant_57,Light Adjustment,6.5,22.4,11.8,0,81.3
Plant_57,Pre-Flowering,7.6,22.1,7.1,0,65.2
Plant_57,Flowering,6.2,21.5,9.4,0,72.7
Plant_57,Post-Flowering,11.5,26.5,10.3,0,65.3
Plant_57,Growth Stagnation,13.9,22.7,9.2,2,82.4
Plant_57,Decline Stage,12.9,23.9,8.8,2,75.9
Plant_57,Dormant Stage,10.4,21.6,13.7,0,79.8
Plant_57,Post-Pruning Recovery,12.2,24.2,12.0,0,75.2
Plant_58,Sowing/Cutting,3.9,28.2,8.4,1,70.0
Plant_58,Germination/Rooting,9.7,27.2,10.8,0,60.4
Plant_58,Seedling Stage,10.9,25.9,8.4,1,70.3
Plant_58,Early Vegetative,11.6,25.0,10.0,1,74.1
Plant_58,Mid Vegetative,10.4,21.8,8.3,1,71.0
Plant_58,Late Vegetative,9.3,23.2,8.9,1,72.9
Plant_58,Mature Stage,8.0,25.4,7.5,2,76.7
Plant_58,Light Adjustment,10.8,26.0,9.6,0,59.7
Plant_58,Pre-Flowering,13.1,25.6,10.0,3,60.3
Plant_58,Flowering,13.2,23.3,4.0,2,61.8
Plant_58,Post-Flowering,4.9,22.0,15.5,0,66.9
Plant_58,Growth Stagnation,9.8,26.9,8.5,0,66.9
Plant_58,Decline Stage,9.7,24.5,9.7,0,57.4
Plant_58,Dormant Stage,9.8,23.7,14.3,0,88.3
Plant_58,Post-Pruning Recovery,11.5,23.9,7.2,0,62.9
Plant_59,Sowing/Cutting,14.7,23.5,11.3,0,60.7
Plant_59,Germination/Rooting,14.3,23.2,11.5,0,50.9
Plant_59,Seedling Stage,8.9,24.8,9.3,1,78.7
Plant_59,Early Vegetative,9.9,21.3,11.4,1,68.0
Plant_59,Mid Vegetative,13.0,26.6,9.2,0,71.5
Plant_59,Late Vegetative,11.8,25.2,6.2,0,70.9
Plant_59,Mature Stage,7.5,21.1,10.5,0,86.0
Plant_59,Light Adjustment,12.1,23.7,12.3,1,75.3
Plant_59,Pre-Flowering,8.3,25.0,4.8,2,90.0
Plant_59,Flowering,8.1,24.1,8.6,1,74.2
Plant_59,Post-Flowering,6.9,22.3,7.3,1,62.9
Plant_59,Growth Stagnation,8.4,24.3,10.1,1,82.6
Plant_59,Decline Stage,8.6,23.0,11.7,0,53.2
Plant_59,Dormant Stage,8.0,25.9,12.0,3,83.7
Plant_59,Post-Pruning Recovery,11.9,23.1,8.5,2,86.1
Plant_60,Sowing/Cutting,7.0,20.6,10.0,0,63.4
Plant_60,Germination/Rooting,4.9,21.8,11.3,0,76.0
Plant_60,Seedling Stage,5.9,21.1,10.8,1,65.6
Plant_60,Early Vegetative,7.6,23.5,8.2,2,73.0
Plant_60,Mid Vegetative,12.5,24.3,7.5,1,72.1
Plant_60,Late Vegetative,14.1,26.6,13.3,2,73.1
Plant_60,Mature Stage,12.0,25.8,9.9,0,61.4
Plant_60,Light Adjustment,13.3,19.6,13.1,1,81.2
Plant_60,Pre-Flowering,10.0,26.5,12.0,0,56.0
Plant_60,Flowering,16.6,26.4,7.5,0,77.9
Plant_60,Post-Flowering,8.8,24.9,10.5,2,82.5
Plant_60,Growth Stagnation,13.2,24.4,11.0,1,69.3
Plant_60,Decline Stage,11.6,23.7,11.6,1,66.1
Plant_60,Dormant Stage,10.7,23.2,12.1,1,63.1
Plant_60,Post-Pruning Recovery,8.3,26.6,5.9,0,60.5
Plant_61,Sowing/Cutting,14.1,24.2,10.8,1,47.8
Plant_61,Germination/Rooting,10.9,23.7,11.1,1,86.4
Plant_61,Seedling Stage,10.6,28.8,5.8,0,76.8
Plant_61,Early Vegetative,7.4,19.2,10.6,1,87.8
Plant_61,Mid Vegetative,7.9,25.0,9.7,0,56.4
Plant_61,Late Vegetative,12.2,21.5,12.1,1,74.9
Plant_61,Mature Stage,14.8,25.5,10.0,0,67.6
Plant_61,Light Adjustment,12.4,24.3,10.1,2,74.9
Plant_61,Pre-Flowering,9.8,22.5,9.6,1,54.0
Plant_61,Flowering,6.9,23.1,12.6,1,70.1
Plant_61,Post-Flowering,12.2,25.1,11.4,0,90.0
Plant_61,Growth Stagnation,9.2,20.8,11.8,1,90.0
Plant_61,Decline Stage,7.5,24.3,13.0,2,64.8
Plant_61,Dormant Stage,3.8,24.0,12.2,2,68.1
Plant_61,Post-Pruning Recovery,9.0,25.5,10.3,1,50.1
Plant_62,Sowing/Cutting,12.8,23.2,7.5,1,65.6
Plant_62,Germination/Rooting,10.4,24.5,10.6,1,70.0
Plant_62,Seedling Stage,8.7,20.7,8.5,3,78.9
Plant_62,Early Vegetative,14.6,24.2,13.5,0,90.0
Plant_62,Mid Vegetative,10.3,21.9,11.9,2,90.0
Plant_62,Late Vegetative,13.6,24.4,11.3,0,67.2
Plant_62,Mature Stage,5.8,27.4,9.8,0,66.5
Plant_62,Light Adjustment,10.9,24.3,11.6,0,64.0
Plant_62,Pre-Flowering,7.7,24.1,12.1,3,75.0
Plant_62,Flowering,10.2,22.0,10.5,1,60.0
Plant_62,Post-Flowering,11.9,24.0,7.5,2,51.0
Plant_62,Growth Stagnation,5.9,23.1,9.5,0,69.3
Plant_62,Decline Stage,8.0,25.2,9.9,0,61.7
Plant_62,Dormant Stage,10.4,24.2,10.9,0,78.4
Plant_62,Post-Pruning Recovery,11.6,24.9,10.1,0,84.3
Plant_63,Sowing/Cutting,11.4,25.5,8.6,1,63.4
Plant_63,Germination/Rooting,13.1,23.2,11.8,1,71.2
Plant_63,Seedling Stage,9.6,23.6,11.5,1,73.3
Plant_63,Early Vegetative,11.6,22.9,8.3,1,69.9
Plant_63,Mid Vegetative,9.4,21.7,10.5,1,49.3
Plant_63,Late Vegetative,12.4,25.9,9.0,2,68.5
Plant_63,Mature Stage,7.0,22.9,7.7,0,72.6
Plant_63,Light Adjustment,11.6,27.6,7.4,1,51.5
Plant_63,Pre-Flowering,10.7,23.1,9.6,1,73.7
Plant_63,Flowering,8.9,24.4,8.2,1,87.3
Plant_63,Post-Flowering,11.7,22.8,6.3,1,65.7
Plant_63,Growth Stagnation,7.5,25.9,9.3,2,64.9
Plant_63,Decline Stage,4.9,26.5,10.2,0,83.9
Plant_63,Dormant Stage,10.3,21.8,9.6,2,74.0
Plant_63,Post-Pruning Recovery,7.5,25.3,10.1,1,46.7
Plant_64,Sowing/Cutting,8.8,18.9,12.6,0,71.7
Plant_64,Germination/Rooting,11.8,25.9,13.6,1,75.1
Plant_64,Seedling Stage,10.9,28.1,7.2,2,82.0
Plant_64,Early Vegetative,14.7,23.4,9.9,1,84.6
Plant_64,Mid Vegetative,12.6,23.6,10.6,1,76.6
Plant_64,Late Vegetative,8.8,25.6,8.9,1,63.2
Plant_64,Mature Stage,7.6,23.2,11.2,1,52.7
Plant_64,Light Adjustment,11.4,24.6,8.5,1,81.7
Plant_64,Pre-Flowering,8.9,22.3,8.8,0,77.3
Plant_64,Flowering,6.0,25.4,12.6,1,90.0
Plant_64,Post-Flowering,8.8,25.6,7.1,1,57.4
Plant_64,Growth Stagnation,8.1,25.3,12.1,2,76.0
Plant_64,Decline Stage,13.4,23.0,11.2,1,52.8
Plant_64,Dormant Stage,8.8,20.3,14.0,1,75.6
Plant_64,Post-Pruning Recovery,12.3,22.0,10.6,1,72.6
Plant_65,Sowing/Cutting,5.5,23.3,11.9,0,62.5
Plant_65,Germination/Rooting,9.2,26.5,8.4,0,71.9
Plant_65,Seedling Stage,9.5,26.7,8.0,2,65.5
Plant_65,Early Vegetative,13.3,24.4,10.4,1,69.9
Plant_65,Mid Vegetative,11.4,20.5,8.9,0,67.5
Plant_65,Late Vegetative,13.7,23.6,8.0,0,60.2
Plant_65,Mature Stage,8.5,22.4,9.3,0,77.7
Plant_65,Light Adjustment,11.0,25.8,9.5,0,58.0
Plant_65,Pre-Flowering,9.0,27.3,9.5,1,48.0
Plant_65,Flowering,11.8,24.8,10.3,1,81.6
Plant_65,Post-Flowering,5.1,22.2,6.4,1,67.3
Plant_65,Growth Stagnation,10.2,22.1,9.6,1,55.0
Plant_65,Decline Stage,8.5,27.2,7.5,1,58.7
Plant_65,Dormant Stage,6.7,23.9,10.9,1,77.4
Plant_65,Post-Pruning Recovery,11.8,22.9,8.8,1,63.8
Plant_66,Sowing/Cutting,12.5,24.0,12.7,0,54.9
Plant_66,Germination/Rooting,8.9,21.4,14.4,0,58.8
Plant_66,Seedling Stage,10.3,24.3,7.2,2,78.0
Plant_66,Early Vegetative,10.2,22.4,8.3,0,54.3
Plant_66,Mid Vegetative,11.6,24.2,8.3,1,70.1
Plant_66,Late Vegetative,9.4,26.2,8.9,1,64.8
Plant_66,Mature Stage,7.9,25.3,9.2,2,50.2
Plant_66,Light Adjustment,7.1,23.2,4.0,2,77.8
Plant_66,Pre-Flowering,12.9,24.0,8.5,0,52.3
Plant_66,Flowering,6.1,25.6,10.8,1,73.6
Plant_66,Post-Flowering,7.9,22.1,9.2,2,58.7
Plant_66,Growth Stagnation,11.0,21.2,9.1,1,71.1
Plant_66,Decline Stage,12.9,26.8,8.7,1,67.2
Plant_66,Dormant Stage,9.9,25.3,12.2,1,62.5
Plant_66,Post-Pruning Recovery,10.9,24.5,9.3,2,71.2
Plant_67,Sowing/Cutting,11.2,23.4,4.8,0,57.1
Plant_67,Germination/Rooting,8.6,26.2,13.9,2,74.5
Plant_67,Seedling Stage,11.6,23.8,7.3,0,79.7
Plant_67,Early Vegetative,8.8,26.0,9.2,0,90.0
Plant_67,Mid Vegetative,8.1,24.3,12.4,1,47.5
Plant_67,Late Vegetative,11.5,25.2,11.5,2,70.6
Plant_67,Mature Stage,6.8,18.9,9.5,2,68.6
Plant_67,Light Adjustment,9.2,25.3,9.2,0,71.1
Plant_67,Pre-Flowering,11.5,25.3,7.5,1,55.0
Plant_67,Flowering,7.8,22.7,11.5,0,63.9
Plant_67,Post-Flowering,10.1,21.2,9.2,0,75.4
Plant_67,Growth Stagnation,13.9,22.5,12.6,3,72.1
Plant_67,Decline Stage,6.8,23.3,7.5,1,79.5
Plant_67,Dormant Stage,13.7,23.6,9.3,1,53.3
Plant_67,Post-Pruning Recovery,8.5,26.7,8.1,1,74.1
Plant_68,Sowing/Cutting,9.8,21.1,10.2,2,80.5
Plant_68,Germination/Rooting,10.6,23.5,10.8,3,67.5
Plant_68,Seedling Stage,8.7,24.7,9.1,1,70.9
Plant_68,Early Vegetative,8.6,21.8,14.0,0,59.2
Plant_68,Mid Vegetative,6.0,24.0,13.8,2,80.2
Plant_68,Late Vegetative,8.9,27.0,14.4,0,67.7
Plant_68,Mature Stage,13.6,27.1,8.9,0,67.5
Plant_68,Light Adjustment,10.7,25.0,9.3,2,61.2
Plant_68,Pre-Flowering,11.2,23.4,10.2,0,74.6
Plant_68,Flowering,11.5,23.3,13.2,2,63.8
Plant_68,Post-Flowering,12.7,24.1,11.3,1,87.7
Plant_68,Growth Stagnation,13.1,24.2,9.0,0,44.5
Plant_68,Decline Stage,7.2,21.6,9.8,1,71.7
Plant_68,Dormant Stage,9.8,21.5,11.2,2,74.0
Plant_68,Post-Pruning Recovery,7.8,25.7,10.3,1,73.0
Plant_69,Sowing/Cutting,16.3,22.0,9.3,2,72.3
Plant_69,Germination/Rooting,10.2,26.6,6.1,2,66.0
Plant_69,Seedling Stage,14.3,25.9,9.6,2,70.8
Plant_69,Early Vegetative,9.7,20.8,9.5,1,78.7
Plant_69,Mid Vegetative,10.7,24.0,8.6,1,76.6
Plant_69,Late Vegetative,14.2,23.1,8.5,2,77.3
Plant_69,Mature Stage,17.5,24.1,8.7,1,90.0
Plant_69,Light Adjustment,10.5,26.7,10.7,2,65.0
Plant_69,Pre-Flowering,10.2,21.8,8.8,1,62.6
Plant_69,Flowering,9.4,26.8,8.9,1,62.4
Plant_69,Post-Flowering,13.5,28.0,10.6,2,71.4
Plant_69,Growth Stagnation,8.8,22.5,9.8,0,76.1
Plant_69,Decline Stage,8.2,23.9,6.0,1,75.5
Plant_69,Dormant Stage,11.1,25.7,12.6,1,67.4
Plant_69,Post-Pruning Recovery,4.6,24.5,10.3,1,66.5
Plant_70,Sowing/Cutting,11.1,24.6,9.6,1,73.8
Plant_70,Germination/Rooting,8.1,24.1,6.8,0,66.3
Plant_70,Seedling Stage,8.7,21.6,5.6,0,67.7
Plant_70,Early Vegetative,10.3,24.7,9.9,1,66.2
Plant_70,Mid Vegetative,10.6,23.3,12.6,0,89.5
Plant_70,Late Vegetative,11.0,22.0,10.0,1,55.3
Plant_70,Mature Stage,8.8,24.4,10.0,0,60.2
Plant_70,Light Adjustment,3.2,23.6,8.2,1,73.4
Plant_70,Pre-Flowering,12.9,22.6,6.2,0,72.6
Plant_70,Flowering,10.3,23.4,11.3,0,69.2
Plant_70,Post-Flowering,5.3,29.7,9.2,0,71.8
Plant_70,Growth Stagnation,12.1,22.3,10.6,0,57.0
Plant_70,Decline Stage,3.4,24.5,11.7,2,57.3
Plant_70,Dormant Stage,9.7,27.9,6.5,1,70.9
Plant_70,Post-Pruning Recovery,10.9,24.3,9.4,1,68.9
Plant_71,Sowing/Cutting,11.5,22.7,10.6,1,67.6
Plant_71,Germination/Rooting,13.5,24.3,5.4,1,66.4
Plant_71,Seedling Stage,13.3,26.9,10.4,0,61.6
Plant_71,Early Vegetative,10.2,22.4,13.1,0,52.9
Plant_71,Mid Vegetative,6.3,23.5,10.1,1,72.7
Plant_71,Late Vegetative,8.2,20.7,9.8,2,70.3
Plant_71,Mature Stage,10.9,25.3,11.3,1,87.7
Plant_71,Light Adjustment,12.0,21.8,7.1,1,88.7
Plant_71,Pre-Flowering,9.8,26.6,6.3,0,74.2
Plant_71,Flowering,10.7,23.1,11.2,1,60.2
Plant_71,Post-Flowering,3.3,23.0,9.4,2,63.7
Plant_71,Growth Stagnation,5.9,23.6,9.7,0,72.2
Plant_71,Decline Stage,8.0,23.2,8.7,0,72.1
Plant_71,Dormant Stage,5.9,26.5,11.0,0,87.7
Plant_71,Post-Pruning Recovery,7.5,24.6,5.2,0,83.9
Plant_72,Sowing/Cutting,12.9,24.5,7.2,0,65.2
Plant_72,Germination/Rooting,3.2,23.3,9.5,1,77.2
Plant_72,Seedling Stage,11.4,26.0,6.9,1,80.8
Plant_72,Early Vegetative,10.1,26.2,9.9,1,44.8
Plant_72,Mid Vegetative,9.5,26.1,8.2,1,66.1
Plant_72,Late Vegetative,15.0,22.2,11.0,2,69.1
Plant_72,Mature Stage,5.0,21.9,12.2,0,72.1
Plant_72,Light Adjustment,11.9,21.8,12.5,0,71.6
Plant_72,Pre-Flowering,10.5,21.9,9.8,0,76.1
Plant_72,Flowering,12.0,24.3,12.4,0,74.0
Plant_72,Post-Flowering,12.2,22.6,9.7,1,64.6
Plant_72,Growth Stagnation,7.5,26.6,12.7,1,87.9
Plant_72,Decline Stage,9.0,23.6,9.4,2,66.0
Plant_72,Dormant Stage,8.2,26.3,6.7,0,55.1
Plant_72,Post-Pruning Recovery,10.4,22.7,11.4,2,64.7
Plant_73,Sowing/Cutting,8.7,28.1,8.4,0,90.0
Plant_73,Germination/Rooting,19.7,25.8,11.2,1,78.0
Plant_73,Seedling Stage,10.0,27.6,9.8,1,66.2
Plant_73,Early Vegetative,10.9,21.6,10.9,2,72.3
Plant_73,Mid Vegetative,16.0,24.8,13.2,1,64.3
Plant_73,Late Vegetative,11.3,23.2,11.1,0,73.1
Plant_73,Mature Stage,12.8,21.6,10.6,1,57.6
Plant_73,Light Adjustment,6.9,25.1,7.0,0,81.4
Plant_73,Pre-Flowering,7.2,22.9,9.6,0,78.4
Plant_73,Flowering,4.3,22.9,12.2,1,68.1
Plant_73,Post-Flowering,10.4,27.9,11.6,2,73.1
Plant_73,Growth Stagnation,17.5,23.4,9.4,0,71.2
Plant_73,Decline Stage,8.3,24.3,9.9,0,65.9
Plant_73,Dormant Stage,5.1,23.2,11.0,1,61.1
Plant_73,Post-Pruning Recovery,12.6,20.6,11.6,2,78.2
Plant_74,Sowing/Cutting,8.9,24.2,12.6,1,75.7
Plant_74,Germination/Rooting,12.6,21.3,11.5,0,73.9
Plant_74,Seedling Stage,11.0,27.0,10.1,1,80.3
Plant_74,Early Vegetative,10.1,25.4,9.3,0,90.0
Plant_74,Mid Vegetative,12.3,25.7,7.7,1,59.1
Plant_74,Late Vegetative,9.0,25.1,11.3,1,71.4
Plant_74,Mature Stage,6.8,26.6,11.5,0,82.8
Plant_74,Light Adjustment,14.6,24.6,12.4,0,71.3
Plant_74,Pre-Flowering,6.1,22.7,8.5,1,69.1
Plant_74,Flowering,9.6,25.5,10.1,1,73.0
Plant_74,Post-Flowering,11.2,24.5,11.4,1,68.8
Plant_74,Growth Stagnation,12.1,24.5,11.2,0,59.0
Plant_74,Decline Stage,6.6,24.7,8.2,1,80.6
Plant_74,Dormant Stage,11.6,22.5,12.1,0,57.3
Plant_74,Post-Pruning Recovery,7.7,24.8,6.9,1,65.5
Plant_75,Sowing/Cutting,11.4,21.5,9.6,2,62.3
Plant_75,Germination/Rooting,7.6,21.1,10.6,1,64.5
Plant_75,Seedling Stage,7.6,21.7,12.2,2,64.3
Plant_75,Early Vegetative,3.6,23.7,12.7,0,90.0
Plant_75,Mid Vegetative,15.7,22.2,8.5,0,61.3
Plant_75,Late Vegetative,7.8,23.3,10.6,1,64.3
Plant_75,Mature Stage,5.6,23.2,6.6,3,71.1
Plant_75,Light Adjustment,6.1,20.5,9.3,2,87.1
Plant_75,Pre-Flowering,7.3,24.3,9.2,0,56.8
Plant_75,Flowering,16.7,22.1,8.1,2,85.3
Plant_75,Post-Flowering,9.8,22.5,10.8,2,81.7
Plant_75,Growth Stagnation,12.9,25.3,9.9,1,51.1
Plant_75,Decline Stage,8.5,23.2,7.0,1,80.2
Plant_75,Dormant Stage,6.2,21.3,10.2,1,79.7
Plant_75,Post-Pruning Recovery,14.7,21.6,14.3,1,51.4
Plant_76,Sowing/Cutting,8.5,25.1,6.8,1,60.7
Plant_76,Germination/Rooting,14.3,24.0,9.1,2,41.2
Plant_76,Seedling Stage,11.6,23.3,7.1,0,73.9
Plant_76,Early Vegetative,8.6,26.6,12.1,1,69.8
Plant_76,Mid Vegetative,12.4,21.8,13.5,1,59.4
Plant_76,Late Vegetative,12.0,23.1,10.7,0,75.0
Plant_76,Mature Stage,11.6,25.3,6.6,0,80.1
Plant_76,Light Adjustment,10.1,21.9,6.4,1,80.9
Plant_76,Pre-Flowering,12.3,24.5,9.2,0,59.0
Plant_76,Flowering,14.2,25.5,9.7,1,73.1
Plant_76,Post-Flowering,8.2,24.3,10.1,2,79.7
Plant_76,Growth Stagnation,7.7,23.2,14.8,0,62.3
Plant_76,Decline Stage,12.7,23.6,7.6,3,70.6
Plant_76,Dormant Stage,8.2,22.8,7.9,1,77.0
Plant_76,Post-Pruning Recovery,9.3,26.9,11.0,1,74.4
Plant_77,Sowing/Cutting,7.2,21.7,9.3,0,64.1
Plant_77,Germination/Rooting,12.6,23.8,10.6,1,64.5
Plant_77,Seedling Stage,10.4,25.6,12.6,0,63.1
Plant_77,Early Vegetative,9.8,24.1,9.6,1,82.1
Plant_77,Mid Vegetative,13.3,25.4,14.6,2,64.7
Plant_77,Late Vegetative,11.2,24.9,7.1,1,65.3
Plant_77,Mature Stage,10.4,20.9,8.9,1,81.2
Plant_77,Light Adjustment,10.5,23.5,9.4,1,65.1
Plant_77,Pre-Flowering,8.7,27.6,10.6,0,64.2
Plant_77,Flowering,9.6,23.7,10.1,1,70.8
Plant_77,Post-Flowering,6.5,22.6,15.6,1,59.6
Plant_77,Growth Stagnation,3.8,23.5,14.3,1,54.6
Plant_77,Decline Stage,12.7,26.2,9.0,1,76.8
Plant_77,Dormant Stage,9.3,19.4,8.4,0,65.7
Plant_77,Post-Pruning Recovery,10.9,22.6,10.8,1,71.4
Plant_78,Sowing/Cutting,16.3,21.2,10.1,1,74.3
Plant_78,Germination/Rooting,9.2,21.3,12.5,2,73.4
Plant_78,Seedling Stage,11.3,26.5,10.0,2,55.8
Plant_78,Early Vegetative,7.1,27.5,11.9,0,60.8
Plant_78,Mid Vegetative,10.4,21.4,11.8,0,55.7
Plant_78,Late Vegetative,6.1,25.8,11.5,2,62.9
Plant_78,Mature Stage,8.7,24.4,10.9,1,69.0
Plant_78,Light Adjustment,11.1,22.6,7.4,1,84.8
Plant_78,Pre-Flowering,11.5,23.5,7.7,2,61.8
Plant_78,Flowering,11.7,22.3,7.2,2,53.3
Plant_78,Post-Flowering,8.1,18.8,7.0,0,56.6
Plant_78,Growth Stagnation,8.1,27.7,11.0,2,65.0
Plant_78,Decline Stage,5.8,25.8,11.6,0,61.0
Plant_78,Dormant Stage,8.7,22.8,10.1,0,77.4
Plant_78,Post-Pruning Recovery,9.2,25.9,7.8,1,63.8
Plant_79,Sowing/Cutting,6.5,26.0,8.6,0,71.2
Plant_79,Germination/Rooting,12.0,23.7,13.0,0,58.7
Plant_79,Seedling Stage,7.5,23.0,11.1,0,63.4
Plant_79,Early Vegetative,3.8,26.0,15.7,0,73.0
Plant_79,Mid Vegetative,13.1,22.2,9.5,0,72.9
Plant_79,Late Vegetative,9.1,25.5,5.9,0,77.5
Plant_79,Mature Stage,12.1,29.0,9.5,2,55.9
Plant_79,Light Adjustment,15.5,24.9,11.1,0,82.2
Plant_79,Pre-Flowering,13.0,26.4,9.9,0,66.4
Plant_79,Flowering,6.7,25.3,11.6,3,71.8
Plant_79,Post-Flowering,6.2,27.6,9.2,3,76.0
Plant_79,Growth Stagnation,11.7,22.6,12.6,1,54.2
Plant_79,Decline Stage,11.8,29.1,10.1,1,87.0
Plant_79,Dormant Stage,12.7,20.5,9.6,0,81.7
Plant_79,Post-Pruning Recovery,10.1,22.4,11.2,2,74.6
Plant_80,Sowing/Cutting,11.5,25.1,11.8,0,59.9
Plant_80,Germination/Rooting,8.5,22.0,10.6,1,43.3
Plant_80,Seedling Stage,10.2,23.3,6.8,3,61.8
Plant_80,Early Vegetative,11.2,22.5,9.4,0,56.0
Plant_80,Mid Vegetative,9.6,24.2,13.3,2,67.6
Plant_80,Late Vegetative,9.4,26.9,10.0,1,77.1
Plant_80,Mature Stage,10.7,26.6,9.7,3,56.8
Plant_80,Light Adjustment,16.4,23.1,10.3,0,81.6
Plant_80,Pre-Flowering,6.5,22.1,8.7,0,70.4
Plant_80,Flowering,9.1,24.5,9.5,2,54.6
Plant_80,Post-Flowering,11.6,26.5,5.9,2,57.6
Plant_80,Growth Stagnation,8.5,22.8,6.5,1,87.4
Plant_80,Decline Stage,12.7,24.8,9.9,1,53.0
Plant_80,Dormant Stage,7.6,24.4,8.4,3,72.0
Plant_80,Post-Pruning Recovery,13.4,23.7,10.0,2,76.0
Plant_81,Sowing/Cutting,5.7,23.5,5.2,2,71.9
Plant_81,Germination/Rooting,6.7,23.7,13.0,0,74.1
Plant_81,Seedling Stage,5.3,24.9,9.2,0,62.4
Plant_81,Early Vegetative,9.2,23.3,8.7,2,71.4
Plant_81,Mid Vegetative,8.8,23.9,7.8,0,88.0
Plant_81,Late Vegetative,11.8,21.7,7.5,2,66.8
Plant_81,Mature Stage,10.8,23.3,8.5,1,73.4
Plant_81,Light Adjustment,6.2,27.1,9.8,2,73.0
Plant_81,Pre-Flowering,8.8,20.8,6.3,0,71.8
Plant_81,Flowering,7.8,22.2,7.5,2,67.9
Plant_81,Post-Flowering,13.9,26.6,10.3,3,69.2
Plant_81,Growth Stagnation,5.3,24.2,11.0,0,65.1
Plant_81,Decline Stage,12.1,23.9,10.0,0,71.4
Plant_81,Dormant Stage,7.8,20.4,7.8,1,60.3
Plant_81,Post-Pruning Recovery,12.3,24.4,8.3,2,64.1
Plant_82,Sowing/Cutting,6.6,22.4,12.4,1,68.5
Plant_82,Germination/Rooting,9.3,21.7,9.2,1,70.3
Plant_82,Seedling Stage,13.2,26.9,12.9,1,72.8
Plant_82,Early Vegetative,13.1,23.8,13.5,2,78.6
Plant_82,Mid Vegetative,14.2,24.1,7.2,0,54.4
Plant_82,Late Vegetative,6.9,27.6,13.4,0,61.2
Plant_82,Mature Stage,14.2,25.0,9.2,3,73.8
Plant_82,Light Adjustment,12.5,24.2,9.8,0,79.2
Plant_82,Pre-Flowering,5.3,21.0,8.0,1,60.8
Plant_82,Flowering,7.1,25.0,9.0,0,68.2
Plant_82,Post-Flowering,11.2,24.6,9.6,2,54.9
Plant_82,Growth Stagnation,16.2,24.3,11.6,2,68.0
Plant_82,Decline Stage,10.9,19.7,8.1,2,88.1
Plant_82,Dormant Stage,3.3,21.7,7.8,2,78.2
Plant_82,Post-Pruning Recovery,9.3,23.3,10.0,1,56.6
Plant_83,Sowing/Cutting,5.4,25.4,9.2,2,77.1
Plant_83,Germination/Rooting,9.7,23.1,11.8,1,63.9
Plant_83,Seedling Stage,14.6,27.1,9.4,0,82.3
Plant_83,Early Vegetative,10.8,20.6,5.9,0,52.4
Plant_83,Mid Vegetative,7.3,25.4,9.2,0,57.0
Plant_83,Late Vegetative,4.5,26.4,13.4,0,46.7
Plant_83,Mature Stage,4.1,21.0,10.0,1,64.6
Plant_83,Light Adjustment,7.4,25.1,11.5,1,64.0
Plant_83,Pre-Flowering,5.5,24.0,9.7,0,65.6
Plant_83,Flowering,10.9,27.7,9.0,1,74.6
Plant_83,Post-Flowering,4.8,25.6,9.8,0,68.8
Plant_83,Growth Stagnation,15.6,22.3,14.9,2,74.4
Plant_83,Decline Stage,12.2,24.3,9.0,0,79.5
Plant_83,Dormant Stage,10.1,20.5,10.0,0,86.9
Plant_83,Post-Pruning Recovery,12.6,25.2,11.9,2,57.5
Plant_84,Sowing/Cutting,15.8,24.5,10.0,0,80.3
Plant_84,Germination/Rooting,7.6,25.4,12.0,1,67.0
Plant_84,Seedling Stage,8.2,21.6,8.3,1,64.5
Plant_84,Early Vegetative,3.4,22.2,9.9,0,72.1
Plant_84,Mid Vegetative,10.5,22.4,7.0,1,88.1
Plant_84,Late Vegetative,13.0,31.1,7.5,0,74.5
Plant_84,Mature Stage,8.8,25.1,7.8,1,63.6
Plant_84,Light Adjustment,10.8,28.1,11.1,0,76.0
Plant_84,Pre-Flowering,6.5,23.3,8.3,1,61.1
Plant_84,Flowering,7.9,26.3,12.1,1,57.1
Plant_84,Post-Flowering,15.3,23.9,10.5,1,63.7
Plant_84,Growth Stagnation,11.3,22.6,5.9,0,56.8
Plant_84,Decline Stage,6.8,24.0,13.2,0,68.6
Plant_84,Dormant Stage,10.7,24.0,11.8,1,74.8
Plant_84,Post-Pruning Recovery,8.7,21.4,9.1,2,79.6
Plant_85,Sowing/Cutting,13.0,20.3,8.7,1,67.6
Plant_85,Germination/Rooting,13.0,21.3,8.0,0,53.9
Plant_85,Seedling Stage,7.0,20.5,10.2,1,88.1
Plant_85,Early Vegetative,18.0,24.2,12.2,0,72.3
Plant_85,Mid Vegetative,10.7,24.2,8.5,0,89.4
Plant_85,Late Vegetative,9.8,25.7,7.9,0,69.5
Plant_85,Mature Stage,10.4,22.6,10.2,3,90.0
Plant_85,Light Adjustment,7.8,27.4,13.9,0,78.5
Plant_85,Pre-Flowering,9.2,22.7,7.5,1,64.4
Plant_85,Flowering,9.9,23.9,11.2,2,79.6
Plant_85,Post-Flowering,9.1,23.0,9.4,0,70.0
Plant_85,Growth Stagnation,12.4,20.4,11.4,2,67.7
Plant_85,Decline Stage,14.4,26.7,11.7,3,90.0
Plant_85,Dormant Stage,9.9,22.3,12.6,1,70.6
Plant_85,Post-Pruning Recovery,8.3,24.1,12.3,0,74.0
Plant_86,Sowing/Cutting,14.9,27.3,9.9,0,72.5
Plant_86,Germination/Rooting,11.5,22.0,13.2,0,82.2
Plant_86,Seedling Stage,9.3,25.7,9.2,1,50.7
Plant_86,Early Vegetative,9.4,24.9,10.7,1,74.6
Plant_86,Mid Vegetative,5.1,25.1,6.2,0,77.7
Plant_86,Late Vegetative,12.9,24.8,12.1,0,73.2
Plant_86,Mature Stage,1.6,26.2,10.1,2,67.4
Plant_86,Light Adjustment,7.9,24.2,10.5,0,60.6
Plant_86,Pre-Flowering,9.6,22.4,6.1,2,76.1
Plant_86,Flowering,12.2,26.5,11.6,0,90.0
Plant_86,Post-Flowering,7.2,27.0,7.0,0,75.3
Plant_86,Growth Stagnation,9.1,19.8,10.3,0,51.1
Plant_86,Decline Stage,15.3,24.4,14.0,0,60.2
Plant_86,Dormant Stage,12.0,20.6,15.4,0,69.4
Plant_86,Post-Pruning Recovery,7.9,23.6,7.5,2,78.8
Plant_87,Sowing/Cutting,2.9,24.7,8.0,2,71.6
Plant_87,Germination/Rooting,7.3,26.8,9.7,1,82.5
Plant_87,Seedling Stage,11.4,25.4,9.1,0,66.2
Plant_87,Early Vegetative,8.6,23.9,12.7,3,50.7
Plant_87,Mid Vegetative,9.8,23.6,11.2,1,71.0
Plant_87,Late Vegetative,8.0,22.8,8.9,1,83.5
Plant_87,Mature Stage,10.1,20.6,10.6,1,74.8
Plant_87,Light Adjustment,14.1,22.5,11.4,1,77.4
Plant_87,Pre-Flowering,8.8,19.9,12.3,0,62.2
Plant_87,Flowering,9.1,21.9,7.6,0,89.9
Plant_87,Post-Flowering,15.7,23.8,12.2,0,70.4
Plant_87,Growth Stagnation,13.6,20.2,8.7,1,80.6
Plant_87,Decline Stage,7.7,23.1,8.9,2,76.4
Plant_87,Dormant Stage,3.8,28.2,9.4,3,49.7
Plant_87,Post-Pruning Recovery,12.2,24.6,10.9,1,69.0
Plant_88,Sowing/Cutting,10.4,24.1,11.6,1,61.6
Plant_88,Germination/Rooting,10.8,27.0,7.5,1,81.5
Plant_88,Seedling Stage,6.1,23.2,10.0,1,75.6
Plant_88,Early Vegetative,6.7,20.5,12.2,1,47.3
Plant_88,Mid Vegetative,10.0,21.8,9.9,3,69.5
Plant_88,Late Vegetative,10.7,25.5,8.7,3,82.9
Plant_88,Mature Stage,7.2,22.0,11.4,0,65.6
Plant_88,Light Adjustment,9.4,23.3,8.8,2,63.1
Plant_88,Pre-Flowering,4.2,21.1,10.7,3,62.6
Plant_88,Flowering,12.2,27.6,9.8,1,76.5
Plant_88,Post-Flowering,16.0,24.0,10.8,2,83.6
Plant_88,Growth Stagnation,9.0,23.9,10.9,2,49.9
Plant_88,Decline Stage,10.5,22.3,6.6,2,72.4
Plant_88,Dormant Stage,9.2,25.7,9.7,0,87.1
Plant_88,Post-Pruning Recovery,9.8,25.5,8.5,0,83.7
Plant_89,Sowing/Cutting,10.0,22.1,7.8,2,82.5
Plant_89,Germination/Rooting,12.6,24.0,4.1,0,63.6
Plant_89,Seedling Stage,9.5,23.9,7.3,0,77.0
Plant_89,Early Vegetative,7.9,26.2,8.7,1,64.9
Plant_89,Mid Vegetative,11.4,17.9,12.0,1,84.4
Plant_89,Late Vegetative,6.8,22.1,9.1,0,62.4
Plant_89,Mature Stage,16.3,24.6,12.9,0,62.1
Plant_89,Light Adjustment,11.1,20.4,11.3,1,68.8
Plant_89,Pre-Flowering,11.4,25.4,12.4,1,74.1
Plant_89,Flowering,18.8,25.4,14.7,3,84.0
Plant_89,Post-Flowering,9.9,20.5,10.0,1,82.1
Plant_89,Growth Stagnation,12.6,22.2,9.1,0,59.8
Plant_89,Decline Stage,14.0,22.1,11.7,0,49.4
Plant_89,Dormant Stage,8.5,26.4,12.6,0,78.6
Plant_89,Post-Pruning Recovery,10.8,25.8,7.4,2,67.1
Plant_90,Sowing/Cutting,13.2,22.9,12.1,1,77.6
Plant_90,Germination/Rooting,6.1,23.0,10.4,0,70.6
Plant_90,Seedling Stage,15.9,23.1,12.4,1,71.5
Plant_90,Early Vegetative,11.1,25.8,11.7,0,66.6
Plant_90,Mid Vegetative,9.1,24.6,10.9,2,78.3
Plant_90,Late Vegetative,8.1,22.2,16.0,3,75.4
Plant_90,Mature Stage,12.4,21.9,12.0,0,67.6
Plant_90,Light Adjustment,4.4,26.4,12.1,1,71.0
Plant_90,Pre-Flowering,16.9,20.5,11.6,1,60.9
Plant_90,Flowering,9.9,23.5,9.1,1,69.9
Plant_90,Post-Flowering,4.6,25.1,9.3,0,58.3
Plant_90,Growth Stagnation,5.8,24.3,7.5,2,70.3
Plant_90,Decline Stage,7.7,23.9,7.0,1,76.3
Plant_90,Dormant Stage,10.3,25.6,6.4,2,85.0
Plant_90,Post-Pruning Recovery,9.3,26.3,10.8,0,74.1
Plant_91,Sowing/Cutting,6.8,26.0,7.9,1,59.5
Plant_91,Germination/Rooting,8.1,21.3,8.8,2,69.7
Plant_91,Seedling Stage,8.4,20.2,8.0,0,73.6
Plant_91,Early Vegetative,8.7,25.2,11.9,1,66.9
Plant_91,Mid Vegetative,9.7,27.5,5.5,1,72.0
Plant_91,Late Vegetative,9.3,24.6,8.9,0,66.9
Plant_91,Mature Stage,12.5,21.0,10.0,0,47.2
Plant_91,Light Adjustment,6.8,23.0,9.0,1,90.0
Plant_91,Pre-Flowering,15.2,24.2,11.5,1,71.0
Plant_91,Flowering,10.6,22.4,8.4,1,65.0
Plant_91,Post-Flowering,10.7,23.1,7.6,1,74.7
Plant_91,Growth Stagnation,2.9,25.3,12.0,2,54.1
Plant_91,Decline Stage,12.9,23.8,9.6,1,75.9
Plant_91,Dormant Stage,16.1,22.2,7.5,0,73.7
Plant_91,Post-Pruning Recovery,8.7,19.8,8.5,0,66.9
Plant_92,Sowing/Cutting,9.9,23.0,12.8,1,83.2
Plant_92,Germination/Rooting,15.8,24.1,12.4,0,73.1
Plant_92,Seedling Stage,11.0,27.8,6.9,2,58.5
Plant_92,Early Vegetative,8.9,26.4,9.7,0,64.7
Plant_92,Mid Vegetative,12.9,25.7,10.7,0,52.8
Plant_92,Late Vegetative,8.5,25.0,6.5,2,58.8
Plant_92,Mature Stage,8.1,27.0,8.5,1,56.0
Plant_92,Light Adjustment,8.3,21.1,12.4,2,76.7
Plant_92,Pre-Flowering,12.7,26.1,10.7,0,67.7
Plant_92,Flowering,11.2,24.3,8.3,1,76.1
Plant_92,Post-Flowering,14.3,22.7,6.9,2,59.5
Plant_92,Growth Stagnation,6.7,23.3,8.7,1,73.2
Plant_92,Decline Stage,9.9,23.3,10.0,1,65.8
Plant_92,Dormant Stage,9.0,22.1,12.2,1,76.7
Plant_92,Post-Pruning Recovery,8.1,22.2,9.0,0,63.3
Plant_93,Sowing/Cutting,18.2,25.7,12.2,1,74.9
Plant_93,Germination/Rooting,13.2,22.3,11.9,1,77.0
Plant_93,Seedling Stage,6.7,23.3,12.9,1,51.7
Plant_93,Early Vegetative,3.8,24.2,9.1,0,70.1
Plant_93,Mid Vegetative,10.7,26.6,6.5,0,65.9
Plant_93,Late Vegetative,13.3,23.2,9.9,1,74.8
Plant_93,Mature Stage,14.6,19.7,11.5,2,61.6
Plant_93,Light Adjustment,12.1,22.2,8.9,0,81.2
Plant_93,Pre-Flowering,10.0,23.9,11.5,0,49.9
Plant_93,Flowering,8.7,25.3,9.8,1,54.5
Plant_93,Post-Flowering,7.7,22.9,11.9,1,77.6
Plant_93,Growth Stagnation,8.1,24.8,8.9,0,64.7
Plant_93,Decline Stage,11.2,22.8,13.0,2,68.4
Plant_93,Dormant Stage,6.6,25.8,12.0,0,76.5
Plant_93,Post-Pruning Recovery,7.7,23.4,13.2,0,69.5
Plant_94,Sowing/Cutting,7.3,22.4,11.5,0,71.3
Plant_94,Germination/Rooting,9.3,24.7,12.6,1,76.7
Plant_94,Seedling Stage,7.9,26.4,9.4,2,57.6
Plant_94,Early Vegetative,5.4,26.6,13.2,3,61.4
Plant_94,Mid Vegetative,10.0,21.0,9.3,0,70.1
Plant_94,Late Vegetative,18.1,25.0,10.4,2,76.2
Plant_94,Mature Stage,9.0,23.4,11.3,2,88.8
Plant_94,Light Adjustment,10.1,24.6,11.6,3,62.8
Plant_94,Pre-Flowering,5.8,21.4,12.6,1,77.1
Plant_94,Flowering,14.4,23.9,15.2,2,52.8
Plant_94,Post-Flowering,12.5,22.2,10.7,1,73.0
Plant_94,Growth Stagnation,8.1,24.7,12.2,0,67.0
Plant_94,Decline Stage,10.3,29.2,10.4,0,70.6
Plant_94,Dormant Stage,13.2,24.4,8.4,1,69.6
Plant_94,Post-Pruning Recovery,10.6,23.6,11.5,2,70.4
Plant_95,Sowing/Cutting,6.0,23.4,10.3,0,51.7
Plant_95,Germination/Rooting,11.4,21.4,12.8,1,61.8
Plant_95,Seedling Stage,4.1,25.9,11.4,1,73.2
Plant_95,Early Vegetative,13.1,22.0,12.0,0,79.3
Plant_95,Mid Vegetative,12.9,26.3,9.9,0,67.8
Plant_95,Late Vegetative,12.5,24.2,12.2,0,66.6
Plant_95,Mature Stage,11.9,23.5,10.4,2,61.8
Plant_95,Light Adjustment,5.0,23.0,10.6,1,79.9
Plant_95,Pre-Flowering,9.6,22.3,9.6,0,66.8
Plant_95,Flowering,8.0,23.3,14.0,3,66.9
Plant_95,Post-Flowering,7.0,22.3,7.6,1,61.1
Plant_95,Growth Stagnation,16.2,24.3,7.2,0,63.6
Plant_95,Decline Stage,13.8,22.4,11.5,0,81.7
Plant_95,Dormant Stage,14.6,27.8,15.7,1,61.0
Plant_95,Post-Pruning Recovery,8.2,24.7,8.8,0,74.0
Plant_96,Sowing/Cutting,9.7,22.6,9.9,3,56.4
Plant_96,Germination/Rooting,5.2,25.8,6.2,0,76.3
Plant_96,Seedling Stage,4.2,22.9,12.7,0,68.8
Plant_96,Early Vegetative,9.6,25.2,8.9,0,57.4
Plant_96,Mid Vegetative,11.2,21.7,12.2,0,69.3
Plant_96,Late Vegetative,13.8,25.4,10.9,2,73.0
Plant_96,Mature Stage,9.0,24.0,9.5,0,65.4
Plant_96,Light Adjustment,10.9,25.5,10.6,0,77.4
Plant_96,Pre-Flowering,9.0,25.2,8.2,1,71.4
Plant_96,Flowering,10.9,21.0,11.2,0,83.5
Plant_96,Post-Flowering,12.7,23.8,11.4,1,45.0
Plant_96,Growth Stagnation,10.4,27.1,7.7,0,61.5
Plant_96,Decline Stage,5.7,24.9,10.8,2,60.6
Plant_96,Dormant Stage,11.5,26.3,8.3,1,63.5
Plant_96,Post-Pruning Recovery,10.2,24.6,13.9,1,77.2
Plant_97,Sowing/Cutting,14.5,25.6,13.0,0,65.2
Plant_97,Germination/Rooting,8.3,23.1,12.1,1,66.2
Plant_97,Seedling Stage,14.8,25.3,8.7,3,64.9
Plant_97,Early Vegetative,7.0,25.4,10.2,0,52.8
Plant_97,Mid Vegetative,8.4,22.5,8.2,0,69.8
Plant_97,Late Vegetative,10.7,22.3,10.4,0,66.5
Plant_97,Mature Stage,11.4,23.4,9.3,2,71.9
Plant_97,Light Adjustment,14.9,25.8,8.6,0,90.0
Plant_97,Pre-Flowering,12.6,27.9,9.0,2,70.6
Plant_97,Flowering,13.8,25.1,10.2,1,85.0
Plant_97,Post-Flowering,9.1,24.9,9.8,1,69.4
Plant_97,Growth Stagnation,7.8,22.5,14.2,1,79.8
Plant_97,Decline Stage,4.6,22.1,4.0,1,68.6
Plant_97,Dormant Stage,5.1,24.2,9.2,2,85.0
Plant_97,Post-Pruning Recovery,3.0,22.8,13.0,2,56.9
Plant_98,Sowing/Cutting,9.4,23.6,7.1,0,79.5
Plant_98,Germination/Rooting,9.2,24.7,10.4,1,73.5
Plant_98,Seedling Stage,10.4,20.8,8.9,0,61.0
Plant_98,Early Vegetative,8.7,23.0,8.9,0,74.7
Plant_98,Mid Vegetative,10.7,24.1,8.4,3,66.6
Plant_98,Late Vegetative,11.3,20.2,10.5,2,63.8
Plant_98,Mature Stage,10.1,23.3,11.9,0,76.7
Plant_98,Light Adjustment,10.3,20.6,11.7,2,65.9
Plant_98,Pre-Flowering,7.9,26.3,8.9,1,77.8
Plant_98,Flowering,4.0,23.5,10.9,1,64.8
Plant_98,Post-Flowering,6.8,25.7,9.8,1,65.1
Plant_98,Growth Stagnation,10.1,29.3,12.3,3,81.6
Plant_98,Decline Stage,2.8,22.6,9.0,1,51.3
Plant_98,Dormant Stage,9.9,25.6,12.2,0,74.1
Plant_98,Post-Pruning Recovery,4.2,21.0,11.3,1,68.0
Plant_99,Sowing/Cutting,9.5,22.1,10.5,0,61.9
Plant_99,Germination/Rooting,9.3,24.0,12.3,3,58.2
Plant_99,Seedling Stage,12.6,22.1,9.6,1,72.8
Plant_99,Early Vegetative,10.8,27.7,6.9,1,68.8
Plant_99,Mid Vegetative,5.1,24.7,8.7,1,62.7
Plant_99,Late Vegetative,13.3,23.9,11.3,0,86.6
Plant_99,Mature Stage,7.4,25.0,8.6,1,77.9
Plant_99,Light Adjustment,6.7,24.4,11.1,1,72.8
Plant_99,Pre-Flowering,10.1,25.6,15.4,1,65.8
Plant_99,Flowering,9.2,26.6,8.4,3,67.5
Plant_99,Post-Flowering,13.5,23.1,12.5,1,53.4
Plant_99,Growth Stagnation,10.0,25.8,10.2,1,69.9
Plant_99,Decline Stage,14.1,24.1,11.4,1,76.5
Plant_99,Dormant Stage,9.1,23.5,14.2,1,76.0
Plant_99,Post-Pruning Recovery,10.1,27.4,10.1,1,90.0
Plant_100,Sowing/Cutting,7.7,23.0,9.1,1,62.9
Plant_100,Germination/Rooting,11.2,23.1,8.6,0,77.4
Plant_100,Seedling Stage,8.5,24.5,13.0,0,49.5
Plant_100,Early Vegetative,16.5,21.8,12.2,1,63.2
Plant_100,Mid Vegetative,9.2,24.5,10.5,2,63.3
Plant_100,Late Vegetative,10.0,20.3,5.9,3,64.2
Plant_100,Mature Stage,7.7,27.1,9.5,3,90.0
Plant_100,Light Adjustment,7.9,21.3,10.0,1,66.0
Plant_100,Pre-Flowering,8.8,21.9,6.2,2,59.7
Plant_100,Flowering,11.0,24.8,10.8,1,63.1
Plant_100,Post-Flowering,9.9,22.7,7.4,2,62.5
Plant_100,Growth Stagnation,5.6,26.1,8.9,1,66.1
Plant_100,Decline Stage,17.4,25.6,8.3,1,81.4
Plant_100,Dormant Stage,12.4,18.1,8.0,0,79.4
Plant_100,Post-Pruning Recovery,4.3,25.2,14.0,1,62.2
